01102801,84,110,103,105,101,107,101,103,96,110,109,112,112
01102802,88,111,112,111,90,98,103,94,121,110,90,82,93,119
01102803,85,127,87,100,106,100,94,100,87,109,98,97,101
01102804,129,111,116,108,120,101,88,96,102,95,118,106
01102805,112,89,104,96,83,98,91,96,117,92,83,91,91
01102806,96,96,101,102,89,105,80,82,96,102,116,119,86,102,122,108
01102807,91,88,102,79,94,109,91,75,101,65,91,114,111
01102808,98,88,116,109,110,118,120,110,107,106,97,102,129,112
01102809,108,89,73,107,84,131,89,113,108,86,117,88,104
01102810,100,110,99,124,0,123,98,98,0,0,109,0,102
01102811,98,95,81,106,101,103,117,109,99,97,111,110,121,90,96,92
01102812,124,114,114,71,99,108,106,106,97,100
06104801,94,92,93,104,107,114,108,99,101,96,120,108,82,96,87,84
06104802,100,98,113,104,86,92,96,92,90,91,84,90,99,91,94,92
06104803,88,101,92,94,94,99,91,102,114,102,95,109,109,105,89,85
06104806,94,111,86,105,74,107,109,72,108,109,118,107,101,103,116,96,106
06104807,120,117,102,97,113,125,100,95,99,99,101,113,88,86,104,119
06104808,96,103,122,120,0,106,107,100,93,86,104,123,89,125,101,95
06104809,115,108,109,109,95,105,104,103
06104810,103,103,95,104,110,100,102,110,123,98,105
06104811,102,123,106,109,117,118,0,119,101,112,106,115,109,134,116,99
06104812,110,119,114,111,104,113,116,98,102,98,93,94,102,93,101,103
09104801,95,108,101,84,84,91,112,97,90,102
09104802,84,103,104,120,92,91,87,90,93,86,98,110,113,118,98
09104803,97,100,107,98,101,103,90,82,98,100,121,117,108,94
09104805,94,88,87,86,113,97,109,0,84,0,98,112,94,86,111,125
09104806,98,103,102,132,73,118,109,104,109,95,78,78,110,114
09104807,91,103,114,94,98,125,104,116,120,108,108,99,123,117,104,129,120,135
09104808,111,96,94,102,107,91,101,92,77,108,110,85,81,89,65,105
09104809,116,109,120,112,112,122,89,127,105,122,123,119,89,107,90,105
09104810,121,125,123,124,96,92,113,119,103,133
09104811,113,95,104,107,109,104,105,115,108
09104812,102,92,102,92,113,94,107,110,108,76,93,90,103,92,111,65
