順位,種牡馬,着別度数,勝率,連対率,複勝率,単勝回収値,複勝回収値,単勝適正回収値,平均着順,平均人気,平均単勝オッズ,単勝平均,複勝平均,マーク数,マーク率,２着率,３着率,平均タイム,平均1Fタイム,平均速度
1,サンデーサイレンス, 4- 4- 4-16/28,14.3%,28.6%,42.9%,48,66,72.9,6.2着,4.9人気,16.2,338,155,0,0.0%,14.3%,14.3%,72.38,12.06,59.68
2,トニービン, 4- 3- 0-15/22,18.2%,31.8%,31.8%,37,60,106.4,6.5着,6.0人気,45.1,208,191,0,0.0%,13.6%,0.0%,72.30,12.05,59.75
3,スキャン, 4- 2- 0- 7/13,30.8%,46.2%,46.2%,226,119,337.7,5.3着,6.9人気,59.0,735,258,0,0.0%,15.4%,0.0%,72.25,12.04,59.80
4,ダンスインザダーク, 2- 1- 1-13/17,11.8%,17.6%,23.5%,118,39,90.0,7.9着,6.2人気,38.6,1005,168,0,0.0%,5.9%,5.9%,72.37,12.06,59.69
5,ロイヤルアカデミー2, 2- 1- 0- 4/ 7,28.6%,42.9%,42.9%,170,68,171.8,5.1着,6.1人気,36.4,595,160,0,0.0%,14.3%,0.0%,72.00,12.00,60.00
6,ブライアンズタイム, 2- 0- 5- 6/13,15.4%,15.4%,53.8%,64,85,86.7,5.1着,4.1人気,15.6,420,185,0,0.0%,0.0%,38.5%,71.84,11.97,60.13
7,アンバーシヤダイ, 2- 0- 2-16/20,10.0%,10.0%,20.0%,38,26,84.2,7.4着,6.9人気,39.5,380,132,0,0.0%,0.0%,10.0%,72.34,12.06,59.72
8,カーネギー, 2- 0- 0- 5/ 7,28.6%,28.6%,28.6%,188,48,251.4,5.9着,5.4人気,56.3,660,170,0,0.0%,0.0%,0.0%,72.86,12.14,59.29
9,ヘクタープロテクター, 2- 0- 0- 6/ 8,25.0%,25.0%,25.0%,192,67,184.9,5.9着,8.3人気,54.2,770,270,0,0.0%,0.0%,0.0%,72.00,12.00,60.00
10,サニーブライアン, 2- 0- 0- 1/ 3,66.7%,66.7%,66.7%,370,126,179.9,2.3着,2.3人気,4.8,555,190,0,0.0%,0.0%,0.0%,71.10,11.85,60.76
11,シンボリクリスエス, 2- 0- 0- 5/ 7,28.6%,28.6%,28.6%,211,54,346.4,8.1着,9.4人気,133.9,740,190,0,0.0%,0.0%,0.0%,71.14,11.86,60.72
12,フレンチデピュティ, 2- 0- 0- 2/ 4,50.0%,50.0%,50.0%,187,67,248.2,6.3着,3.3人気,5.9,375,135,0,0.0%,0.0%,0.0%,71.55,11.93,60.38
13,リンドシェーバー, 1- 4- 1- 9/15,6.7%,33.3%,40.0%,158,124,78.9,5.3着,6.3人気,35.1,2380,312,0,0.0%,26.7%,6.7%,71.95,11.99,60.04
14,サクラバクシンオー, 1- 3- 5-34/43,2.3%,9.3%,20.9%,11,56,25.1,8.2着,7.2人気,37.7,480,268,0,0.0%,7.0%,11.6%,72.14,12.02,59.88
15,タイキシャトル, 1- 3- 1- 7/12,8.3%,33.3%,41.7%,21,121,82.0,5.8着,6.8人気,35.0,260,292,0,0.0%,25.0%,8.3%,71.35,11.89,60.55
16,ダイワメジャー, 1- 3- 0-14/18,5.6%,22.2%,22.2%,20,56,53.3,7.5着,8.0人気,57.5,370,252,0,0.0%,16.7%,0.0%,71.26,11.88,60.62
17,ジェイドロバリー, 1- 2- 0- 7/10,10.0%,30.0%,30.0%,41,81,105.3,6.8着,6.5人気,46.6,410,270,0,0.0%,20.0%,0.0%,72.28,12.05,59.77
18,アフリート, 1- 2- 0-12/15,6.7%,20.0%,20.0%,146,36,94.4,7.5着,7.8人気,43.0,2190,183,0,0.0%,13.3%,0.0%,72.35,12.06,59.71
19,バブルガムフェロー, 1- 2- 0- 6/ 9,11.1%,33.3%,33.3%,46,54,154.8,9.1着,9.3人気,72.0,420,163,0,0.0%,22.2%,0.0%,72.80,12.13,59.34
20,"Wild Again", 1- 2- 0- 3/ 6,16.7%,50.0%,50.0%,20,53,49.9,6.3着,5.5人気,30.8,120,107,0,0.0%,33.3%,0.0%,72.92,12.15,59.25
21,グルームダンサー, 1- 2- 0- 0/ 3,33.3%,100.0%,100.0%,263,163,126.2,1.7着,3.3人気,7.5,790,163,0,0.0%,66.7%,0.0%,72.37,12.06,59.70
22,ニホンピロウイナー, 1- 1- 2-12/16,6.3%,12.5%,25.0%,23,68,54.6,8.6着,7.7人気,49.2,370,272,0,0.0%,6.3%,12.5%,72.76,12.13,59.38
23,サクラチトセオー, 1- 1- 2- 3/ 7,14.3%,28.6%,57.1%,71,121,160.5,5.6着,5.7人気,48.2,500,212,0,0.0%,14.3%,28.6%,71.30,11.88,60.59
24,ジャングルポケット, 1- 1- 1- 5/ 8,12.5%,25.0%,37.5%,57,58,94.3,4.4着,7.0人気,28.2,460,157,0,0.0%,12.5%,12.5%,70.95,11.83,60.89
25,オンファイア, 1- 1- 1- 2/ 5,20.0%,40.0%,60.0%,104,104,140.0,4.6着,5.0人気,22.9,520,173,0,0.0%,20.0%,20.0%,71.38,11.90,60.52
26,Danehill, 1- 1- 1- 2/ 5,20.0%,40.0%,60.0%,36,100,98.0,3.6着,6.6人気,25.0,180,167,0,0.0%,20.0%,20.0%,71.66,11.94,60.28
27,マイネルラヴ, 1- 1- 1- 0/ 3,33.3%,66.7%,100.0%,140,150,140.3,2.0着,2.7人気,4.9,420,150,0,0.0%,33.3%,33.3%,71.97,11.99,60.03
28,タマモクロス, 1- 1- 0-11/13,7.7%,15.4%,15.4%,47,19,73.2,7.2着,6.8人気,36.4,620,125,0,0.0%,7.7%,0.0%,72.82,12.14,59.33
29,トワイニング, 1- 1- 0- 4/ 6,16.7%,33.3%,33.3%,90,60,150.7,5.5着,6.8人気,41.1,540,180,0,0.0%,16.7%,0.0%,71.90,11.98,60.08
30,Caerleon, 1- 1- 0- 4/ 6,16.7%,33.3%,33.3%,101,280,127.8,7.2着,8.3人気,41.2,610,840,0,0.0%,16.7%,0.0%,72.23,12.04,59.81
31,アグネスデジタル, 1- 1- 0- 2/ 4,25.0%,50.0%,50.0%,250,197,335.7,4.0着,6.3人気,17.0,1000,395,0,0.0%,25.0%,0.0%,71.50,11.92,60.42
32,ノーザンデイクテイター, 1- 1- 0- 4/ 6,16.7%,33.3%,33.3%,405,165,407.9,6.8着,8.8人気,40.6,2430,495,0,0.0%,16.7%,0.0%,72.88,12.15,59.27
33,ドクターデヴィアス, 1- 1- 0- 1/ 3,33.3%,66.7%,66.7%,333,110,261.2,4.7着,6.0人気,70.5,1000,165,0,0.0%,33.3%,0.0%,72.43,12.07,59.64
34,Diesis, 1- 1- 0- 0/ 2,50.0%,100.0%,100.0%,1190,330,540.9,1.5着,5.0人気,15.4,2380,330,0,0.0%,50.0%,0.0%,70.75,11.79,61.06
35,ディープインパクト, 1- 0- 1-14/16,6.3%,6.3%,12.5%,27,75,67.3,8.8着,7.8人気,44.7,440,600,0,0.0%,0.0%,6.3%,71.62,11.94,60.32
36,サクラユタカオー, 1- 0- 1-12/14,7.1%,7.1%,14.3%,60,30,70.7,7.0着,6.4人気,31.7,840,210,0,0.0%,0.0%,7.1%,72.50,12.08,59.59
37,ショウナンカンプ, 1- 0- 1- 4/ 6,16.7%,16.7%,33.3%,178,346,150.6,6.3着,6.8人気,82.6,1070,1040,0,0.0%,0.0%,16.7%,71.57,11.93,60.36
38,ニツポーテイオー, 1- 0- 1- 3/ 5,20.0%,20.0%,40.0%,36,56,82.6,5.2着,4.4人気,28.3,180,140,0,0.0%,0.0%,20.0%,72.78,12.13,59.36
39,ホリスキー, 1- 0- 1- 6/ 8,12.5%,12.5%,25.0%,43,15,202.4,6.3着,8.4人気,44.7,350,120,0,0.0%,0.0%,12.5%,72.86,12.14,59.29
40,メイショウボーラー, 1- 0- 1- 4/ 6,16.7%,16.7%,33.3%,126,71,190.1,5.7着,5.2人気,54.7,760,215,0,0.0%,0.0%,16.7%,72.12,12.02,59.90
41,ダンシングブレーヴ, 1- 0- 1- 3/ 5,20.0%,20.0%,40.0%,32,94,140.1,6.8着,9.4人気,106.9,160,235,0,0.0%,0.0%,20.0%,71.72,11.95,60.23
42,ヨハネスブルグ, 1- 0- 1- 2/ 4,25.0%,25.0%,50.0%,137,80,256.4,6.5着,6.5人気,106.9,550,160,0,0.0%,0.0%,25.0%,72.23,12.04,59.81
43,エイシンサンディ, 1- 0- 1- 2/ 4,25.0%,25.0%,50.0%,402,210,131.4,6.8着,6.3人気,18.1,1610,840,0,0.0%,0.0%,25.0%,72.38,12.06,59.69
44,モガンボ, 1- 0- 1- 0/ 2,50.0%,50.0%,100.0%,100,190,175.8,2.0着,3.0人気,8.3,200,190,0,0.0%,0.0%,50.0%,72.15,12.03,59.88
45,ゲイメセン, 1- 0- 1- 0/ 2,50.0%,50.0%,100.0%,355,210,369.4,2.0着,3.5人気,7.4,710,210,0,0.0%,0.0%,50.0%,71.40,11.90,60.50
46,"Rock of Gibraltar", 1- 0- 1- 0/ 2,50.0%,50.0%,100.0%,130,155,163.4,2.0着,1.5人気,3.5,260,155,0,0.0%,0.0%,50.0%,70.30,11.72,61.45
47,Lyphard, 1- 0- 1- 0/ 2,50.0%,50.0%,100.0%,1380,500,595.9,2.0着,5.0人気,17.6,2760,500,0,0.0%,0.0%,50.0%,71.00,11.83,60.85
48,ウイニングチケット, 1- 0- 0- 7/ 8,12.5%,12.5%,12.5%,847,76,276.9,7.0着,9.0人気,74.6,6780,610,0,0.0%,0.0%,0.0%,72.93,12.15,59.24
49,マイニング, 1- 0- 0- 4/ 5,20.0%,20.0%,20.0%,48,22,119.0,8.0着,4.4人気,10.9,240,110,0,0.0%,0.0%,0.0%,72.82,12.14,59.32
50,ラシアンボンド, 1- 0- 0- 2/ 3,33.3%,33.3%,33.3%,83,50,191.0,5.0着,5.7人気,24.6,250,150,0,0.0%,0.0%,0.0%,71.77,11.96,60.20
51,"Salt Lake", 1- 0- 0- 1/ 2,50.0%,50.0%,50.0%,250,110,393.2,2.5着,5.5人気,11.7,500,220,0,0.0%,0.0%,0.0%,71.50,11.92,60.42
52,クリエイター, 1- 0- 0- 6/ 7,14.3%,14.3%,14.3%,102,28,347.4,7.1着,8.6人気,43.9,720,200,0,0.0%,0.0%,0.0%,72.73,12.12,59.40
53,キングカメハメハ, 1- 0- 0- 7/ 8,12.5%,12.5%,12.5%,185,57,208.5,9.0着,9.0人気,78.2,1480,460,0,0.0%,0.0%,0.0%,71.39,11.90,60.51
54,アドマイヤムーン, 1- 0- 0- 6/ 7,14.3%,14.3%,14.3%,40,20,131.0,9.1着,6.7人気,35.4,280,140,0,0.0%,0.0%,0.0%,70.83,11.80,60.99
55,スターオブコジーン, 1- 0- 0- 5/ 6,16.7%,16.7%,16.7%,196,41,498.0,7.5着,8.2人気,70.1,1180,250,0,0.0%,0.0%,0.0%,72.77,12.13,59.37
56,ディープブリランテ, 1- 0- 0- 4/ 5,20.0%,20.0%,20.0%,124,34,219.9,7.6着,7.2人気,45.2,620,170,0,0.0%,0.0%,0.0%,71.64,11.94,60.30
57,リアルシヤダイ, 1- 0- 0- 3/ 4,25.0%,25.0%,25.0%,35,25,95.6,6.0着,3.0人気,7.3,140,100,0,0.0%,0.0%,0.0%,72.28,12.05,59.77
58,オペラハウス, 1- 0- 0- 2/ 3,33.3%,33.3%,33.3%,116,43,148.5,5.3着,3.0人気,8.3,350,130,0,0.0%,0.0%,0.0%,72.23,12.04,59.81
59,ナカヤマフェスタ, 1- 0- 0- 1/ 2,50.0%,50.0%,50.0%,610,150,1146.8,3.0着,7.0人気,101.7,1220,300,0,0.0%,0.0%,0.0%,71.75,11.96,60.21
60,アーミジャー, 1- 0- 0- 5/ 6,16.7%,16.7%,16.7%,178,56,150.1,6.5着,7.0人気,48.2,1070,340,0,0.0%,0.0%,0.0%,73.25,12.21,58.98
61,ミホノブルボン, 1- 0- 0- 4/ 5,20.0%,20.0%,20.0%,56,24,217.3,9.0着,7.6人気,129.0,280,120,0,0.0%,0.0%,0.0%,73.62,12.27,58.68
62,スマートファルコン, 1- 0- 0- 3/ 4,25.0%,25.0%,25.0%,95,42,267.3,8.8着,9.0人気,93.4,380,170,0,0.0%,0.0%,0.0%,71.38,11.90,60.53
63,オース, 1- 0- 0- 3/ 4,25.0%,25.0%,25.0%,292,57,470.2,8.5着,8.0人気,53.9,1170,230,0,0.0%,0.0%,0.0%,72.20,12.03,59.83
64,フオテイテン, 1- 0- 0- 2/ 3,33.3%,33.3%,33.3%,653,166,690.3,6.7着,6.0人気,22.6,1960,500,0,0.0%,0.0%,0.0%,72.47,12.08,59.61
65,エンドスウィープ, 1- 0- 0- 2/ 3,33.3%,33.3%,33.3%,113,46,313.8,8.7着,9.0人気,77.7,340,140,0,0.0%,0.0%,0.0%,72.27,12.04,59.78
66,アルカング, 1- 0- 0- 2/ 3,33.3%,33.3%,33.3%,353,70,270.5,7.3着,6.0人気,22.5,1060,210,0,0.0%,0.0%,0.0%,73.80,12.30,58.54
67,ブラックタイド, 1- 0- 0- 1/ 2,50.0%,50.0%,50.0%,305,75,577.0,4.5着,8.5人気,56.4,610,150,0,0.0%,0.0%,0.0%,71.80,11.97,60.17
68,ハイセイコー, 1- 0- 0- 1/ 2,50.0%,50.0%,50.0%,120,65,198.0,7.0着,2.5人気,6.9,240,130,0,0.0%,0.0%,0.0%,72.15,12.03,59.88
69,ノーアテンシヨン, 1- 0- 0- 1/ 2,50.0%,50.0%,50.0%,195,80,379.0,4.5着,4.5人気,69.0,390,160,0,0.0%,0.0%,0.0%,73.45,12.24,58.82
70,ダイタクヘリオス, 1- 0- 0- 1/ 2,50.0%,50.0%,50.0%,110,50,152.8,4.5着,2.0人気,3.6,220,100,0,0.0%,0.0%,0.0%,71.90,11.98,60.08
71,スルーザドラゴン, 1- 0- 0- 1/ 2,50.0%,50.0%,50.0%,410,145,559.4,5.5着,3.5人気,12.9,820,290,0,0.0%,0.0%,0.0%,72.55,12.09,59.55
72,スプラッシュオブカラー, 1- 0- 0- 1/ 2,50.0%,50.0%,50.0%,350,110,683.4,6.0着,8.5人気,147.9,700,220,0,0.0%,0.0%,0.0%,72.20,12.03,59.83
73,シエルシユールドール, 1- 0- 0- 1/ 2,50.0%,50.0%,50.0%,100,50,188.7,5.0着,5.0人気,17.7,200,100,0,0.0%,0.0%,0.0%,72.10,12.02,59.92
74,カリズマティック, 1- 0- 0- 1/ 2,50.0%,50.0%,50.0%,125,60,247.9,5.5着,6.0人気,149.6,250,120,0,0.0%,0.0%,0.0%,73.90,12.32,58.46
75,オルフェーヴル, 1- 0- 0- 1/ 2,50.0%,50.0%,50.0%,455,160,882.4,4.5着,10.5人気,150.2,910,320,0,0.0%,0.0%,0.0%,71.15,11.86,60.72
76,ヴァーミリアン, 1- 0- 0- 1/ 2,50.0%,50.0%,50.0%,495,125,779.2,5.5着,6.0人気,23.3,990,250,0,0.0%,0.0%,0.0%,71.25,11.88,60.63
77,"Gone West", 1- 0- 0- 1/ 2,50.0%,50.0%,50.0%,65,50,122.6,4.5着,5.0人気,11.5,130,100,0,0.0%,0.0%,0.0%,71.30,11.88,60.59
78,ロイヤルコーチ, 1- 0- 0- 0/ 1,100.0%,100.0%,100.0%,280,160,280.0,1.0着,1.0人気,2.8,280,160,0,0.0%,0.0%,0.0%,71.00,11.83,60.85
79,リユウズイシヨウ, 1- 0- 0- 0/ 1,100.0%,100.0%,100.0%,520,130,520.0,1.0着,2.0人気,5.2,520,130,0,0.0%,0.0%,0.0%,72.80,12.13,59.34
80,リフアーズスペシヤル, 1- 0- 0- 0/ 1,100.0%,100.0%,100.0%,910,170,910.0,1.0着,4.0人気,9.1,910,170,0,0.0%,0.0%,0.0%,72.00,12.00,60.00
81,ヒシアケボノ, 1- 0- 0- 0/ 1,100.0%,100.0%,100.0%,480,170,480.0,1.0着,2.0人気,4.8,480,170,0,0.0%,0.0%,0.0%,71.70,11.95,60.25
82,ドウカンテスコ, 1- 0- 0- 0/ 1,100.0%,100.0%,100.0%,390,210,390.0,1.0着,2.0人気,3.9,390,210,0,0.0%,0.0%,0.0%,73.10,12.18,59.10
83,タップダンスシチー, 1- 0- 0- 0/ 1,100.0%,100.0%,100.0%,2050,390,2050.0,1.0着,8.0人気,20.5,2050,390,0,0.0%,0.0%,0.0%,70.40,11.73,61.36
84,ゴールドヘイロー, 1- 0- 0- 0/ 1,100.0%,100.0%,100.0%,200,120,200.0,1.0着,1.0人気,2.0,200,120,0,0.0%,0.0%,0.0%,70.80,11.80,61.02
85,アドマイヤオーラ, 1- 0- 0- 0/ 1,100.0%,100.0%,100.0%,1890,420,1890.0,1.0着,6.0人気,18.9,1890,420,0,0.0%,0.0%,0.0%,71.10,11.85,60.76
86,アカデミック2, 1- 0- 0- 0/ 1,100.0%,100.0%,100.0%,860,270,860.0,1.0着,3.0人気,8.6,860,270,0,0.0%,0.0%,0.0%,71.40,11.90,60.50
87,Warning, 1- 0- 0- 0/ 1,100.0%,100.0%,100.0%,380,140,380.0,1.0着,3.0人気,3.8,380,140,0,0.0%,0.0%,0.0%,70.90,11.82,60.93
88,"Tabasco Cat", 1- 0- 0- 0/ 1,100.0%,100.0%,100.0%,330,160,330.0,1.0着,2.0人気,3.3,330,160,0,0.0%,0.0%,0.0%,71.00,11.83,60.85
89,Rousillon, 1- 0- 0- 0/ 1,100.0%,100.0%,100.0%,400,180,400.0,1.0着,3.0人気,4.0,400,180,0,0.0%,0.0%,0.0%,73.10,12.18,59.10
90,Rahy, 1- 0- 0- 0/ 1,100.0%,100.0%,100.0%,500,170,500.0,1.0着,2.0人気,5.0,500,170,0,0.0%,0.0%,0.0%,70.00,11.67,61.71
91,Galileo, 1- 0- 0- 0/ 1,100.0%,100.0%,100.0%,1050,280,1050.0,1.0着,7.0人気,10.5,1050,280,0,0.0%,0.0%,0.0%,69.40,11.57,62.25
92,"Elusive City", 1- 0- 0- 0/ 1,100.0%,100.0%,100.0%,660,190,660.0,1.0着,3.0人気,6.6,660,190,0,0.0%,0.0%,0.0%,70.90,11.82,60.93
93,Concern, 1- 0- 0- 0/ 1,100.0%,100.0%,100.0%,2730,430,2730.0,1.0着,8.0人気,27.3,2730,430,0,0.0%,0.0%,0.0%,70.60,11.77,61.19
94,Baillamont, 1- 0- 0- 0/ 1,100.0%,100.0%,100.0%,570,120,570.0,1.0着,2.0人気,5.7,570,120,0,0.0%,0.0%,0.0%,71.90,11.98,60.08
95,フジキセキ, 0- 4- 3-17/24,0.0%,16.7%,29.2%,0,52,0.0,6.6着,6.5人気,35.7,,180,0,0.0%,16.7%,12.5%,72.86,12.14,59.29
96,トロメオ, 0- 3- 0- 3/ 6,0.0%,50.0%,50.0%,0,125,0.0,5.5着,6.2人気,30.0,,250,0,0.0%,50.0%,0.0%,72.50,12.08,59.59
97,キングヘイロー, 0- 3- 0- 1/ 4,0.0%,75.0%,75.0%,0,162,0.0,5.0着,5.8人気,20.4,,217,0,0.0%,75.0%,0.0%,71.93,11.99,60.06
98,ヤマニンゼファー, 0- 2- 1- 6/ 9,0.0%,22.2%,33.3%,0,86,0.0,7.8着,9.3人気,56.1,,390,0,0.0%,22.2%,11.1%,73.13,12.19,59.07
99,マルゼンスキー, 0- 2- 1- 3/ 6,0.0%,33.3%,50.0%,0,63,0.0,6.0着,4.3人気,20.4,,127,0,0.0%,33.3%,16.7%,72.38,12.06,59.68
100,ビゼンニシキ, 0- 2- 0- 2/ 4,0.0%,50.0%,50.0%,0,62,0.0,5.5着,6.8人気,29.4,,125,0,0.0%,50.0%,0.0%,72.00,12.00,60.00
101,タニノギムレット, 0- 1- 3- 9/13,0.0%,7.7%,30.8%,0,67,0.0,6.9着,7.2人気,35.8,,220,0,0.0%,7.7%,23.1%,71.92,11.99,60.07
102,ウインザーノツト, 0- 1- 2- 3/ 6,0.0%,16.7%,50.0%,0,295,0.0,5.7着,8.0人気,43.7,,590,0,0.0%,16.7%,33.3%,71.70,11.95,60.25
103,キンシャサノキセキ, 0- 1- 2- 9/12,0.0%,8.3%,25.0%,0,91,0.0,7.9着,6.6人気,39.0,,367,0,0.0%,8.3%,16.7%,71.99,12.00,60.01
104,マンハッタンカフェ, 0- 1- 2- 5/ 8,0.0%,12.5%,37.5%,0,63,0.0,7.5着,5.1人気,14.9,,170,0,0.0%,12.5%,25.0%,70.90,11.82,60.93
105,スニッツェル, 0- 1- 1- 1/ 3,0.0%,33.3%,66.7%,0,140,0.0,4.7着,5.7人気,15.5,,210,0,0.0%,33.3%,33.3%,70.27,11.71,61.48
106,デュラブ, 0- 1- 1- 0/ 2,0.0%,50.0%,100.0%,0,135,0.0,2.5着,3.0人気,7.9,,135,0,0.0%,50.0%,50.0%,71.90,11.98,60.08
107,ラストタイクーン, 0- 1- 0-10/11,0.0%,9.1%,9.1%,0,9,0.0,7.1着,6.5人気,31.9,,100,0,0.0%,9.1%,0.0%,71.91,11.98,60.08
108,ベーカバド, 0- 1- 0- 6/ 7,0.0%,14.3%,14.3%,0,30,0.0,6.4着,6.7人気,53.0,,210,0,0.0%,14.3%,0.0%,72.41,12.07,59.66
109,ティンバーカントリー, 0- 1- 0- 2/ 3,0.0%,33.3%,33.3%,0,40,0.0,3.7着,4.7人気,15.2,,120,0,0.0%,33.3%,0.0%,71.63,11.94,60.31
110,ホワイトマズル, 0- 1- 0- 5/ 6,0.0%,16.7%,16.7%,0,18,0.0,8.3着,6.5人気,27.3,,110,0,0.0%,16.7%,0.0%,72.93,12.16,59.23
111,テンビー, 0- 1- 0- 5/ 6,0.0%,16.7%,16.7%,0,53,0.0,6.3着,9.2人気,83.5,,320,0,0.0%,16.7%,0.0%,72.83,12.14,59.31
112,アサティス, 0- 1- 0- 5/ 6,0.0%,16.7%,16.7%,0,26,0.0,8.0着,11.2人気,94.5,,160,0,0.0%,16.7%,0.0%,73.17,12.19,59.04
113,ロードカナロア, 0- 1- 0- 3/ 4,0.0%,25.0%,25.0%,0,57,0.0,6.0着,6.8人気,42.9,,230,0,0.0%,25.0%,0.0%,70.55,11.76,61.23
114,ルション, 0- 1- 0- 1/ 2,0.0%,50.0%,50.0%,0,795,0.0,3.0着,8.5人気,49.9,,1590,0,0.0%,50.0%,0.0%,72.00,12.00,60.00
115,Miswaki, 0- 1- 0- 1/ 2,0.0%,50.0%,50.0%,0,80,0.0,3.0着,3.5人気,11.2,,160,0,0.0%,50.0%,0.0%,72.50,12.08,59.59
116,Lahib, 0- 1- 0- 1/ 2,0.0%,50.0%,50.0%,0,1410,0.0,3.0着,10.5人気,80.4,,2820,0,0.0%,50.0%,0.0%,71.20,11.87,60.67
117,カリスタグローリ, 0- 1- 0- 4/ 5,0.0%,20.0%,20.0%,0,92,0.0,5.8着,10.6人気,92.3,,460,0,0.0%,20.0%,0.0%,71.96,11.99,60.03
118,ファルブラヴ, 0- 1- 0- 3/ 4,0.0%,25.0%,25.0%,0,47,0.0,6.0着,7.3人気,79.3,,190,0,0.0%,25.0%,0.0%,70.68,11.78,61.12
119,サンダーガルチ, 0- 1- 0- 3/ 4,0.0%,25.0%,25.0%,0,47,0.0,5.8着,4.8人気,25.0,,190,0,0.0%,25.0%,0.0%,72.38,12.06,59.69
120,ナグルスキー, 0- 1- 0- 2/ 3,0.0%,33.3%,33.3%,0,56,0.0,6.3着,6.7人気,34.0,,170,0,0.0%,33.3%,0.0%,73.20,12.20,59.02
121,ネーハイシーザー, 0- 1- 0- 1/ 2,0.0%,50.0%,50.0%,0,85,0.0,3.5着,3.0人気,7.9,,170,0,0.0%,50.0%,0.0%,72.95,12.16,59.22
122,エルコンドルパサー, 0- 1- 0- 1/ 2,0.0%,50.0%,50.0%,0,65,0.0,3.5着,2.0人気,4.9,,130,0,0.0%,50.0%,0.0%,71.90,11.98,60.08
123,パラダイスクリーク, 0- 1- 0- 8/ 9,0.0%,11.1%,11.1%,0,45,0.0,8.6着,8.3人気,66.8,,410,0,0.0%,11.1%,0.0%,72.50,12.08,59.59
124,ロドリゴデトリアーノ, 0- 1- 0- 4/ 5,0.0%,20.0%,20.0%,0,48,0.0,9.0着,8.2人気,58.5,,240,0,0.0%,20.0%,0.0%,72.98,12.16,59.19
125,ハギノカムイオー, 0- 1- 0- 4/ 5,0.0%,20.0%,20.0%,0,62,0.0,6.6着,5.2人気,20.9,,310,0,0.0%,20.0%,0.0%,73.54,12.26,58.74
126,アグネスタキオン, 0- 1- 0- 4/ 5,0.0%,20.0%,20.0%,0,28,0.0,9.4着,8.2人気,38.8,,140,0,0.0%,20.0%,0.0%,72.94,12.16,59.23
127,リファーズウィッシュ, 0- 1- 0- 3/ 4,0.0%,25.0%,25.0%,0,85,0.0,6.0着,7.8人気,53.6,,340,0,0.0%,25.0%,0.0%,72.35,12.06,59.71
128,ダハール, 0- 1- 0- 3/ 4,0.0%,25.0%,25.0%,0,112,0.0,8.3着,7.0人気,17.3,,450,0,0.0%,25.0%,0.0%,73.45,12.24,58.82
129,スプレンデイドモーメント, 0- 1- 0- 3/ 4,0.0%,25.0%,25.0%,0,62,0.0,7.0着,8.0人気,75.3,,250,0,0.0%,25.0%,0.0%,73.48,12.25,58.80
130,ノーリユート, 0- 1- 0- 2/ 3,0.0%,33.3%,33.3%,0,366,0.0,7.7着,9.7人気,51.6,,1100,0,0.0%,33.3%,0.0%,72.70,12.12,59.42
131,ネオユニヴァース, 0- 1- 0- 2/ 3,0.0%,33.3%,33.3%,0,73,0.0,11.0着,9.3人気,38.5,,220,0,0.0%,33.3%,0.0%,71.40,11.90,60.50
132,"Clever Trick", 0- 1- 0- 2/ 3,0.0%,33.3%,33.3%,0,43,0.0,8.0着,6.0人気,55.4,,130,0,0.0%,33.3%,0.0%,72.07,12.01,59.94
133,ヘネシー, 0- 1- 0- 1/ 2,0.0%,50.0%,50.0%,0,75,0.0,4.5着,5.5人気,31.0,,150,0,0.0%,50.0%,0.0%,71.60,11.93,60.34
134,スルーオダイナ, 0- 1- 0- 1/ 2,0.0%,50.0%,50.0%,0,435,0.0,4.5着,11.5人気,74.6,,870,0,0.0%,50.0%,0.0%,74.30,12.38,58.14
135,サマーサスピション, 0- 1- 0- 1/ 2,0.0%,50.0%,50.0%,0,70,0.0,5.0着,4.0人気,16.4,,140,0,0.0%,50.0%,0.0%,73.45,12.24,58.82
136,"Scat Daddy", 0- 1- 0- 1/ 2,0.0%,50.0%,50.0%,0,340,0.0,7.5着,10.5人気,54.2,,680,0,0.0%,50.0%,0.0%,71.05,11.84,60.80
137,"A.P. Indy", 0- 1- 0- 1/ 2,0.0%,50.0%,50.0%,0,75,0.0,8.5着,3.5人気,5.3,,150,0,0.0%,50.0%,0.0%,73.35,12.23,58.90
138,ワイズカウンセラー, 0- 1- 0- 0/ 1,0.0%,100.0%,100.0%,0,120,0.0,2.0着,1.0人気,3.3,,120,0,0.0%,100.0%,0.0%,70.50,11.75,61.28
139,ゼンノロブロイ, 0- 1- 0- 0/ 1,0.0%,100.0%,100.0%,0,200,0.0,2.0着,6.0人気,10.5,,200,0,0.0%,100.0%,0.0%,70.50,11.75,61.28
140,シルヴァーエンディング, 0- 1- 0- 0/ 1,0.0%,100.0%,100.0%,0,150,0.0,2.0着,3.0人気,5.5,,150,0,0.0%,100.0%,0.0%,71.30,11.88,60.59
141,ジユニアス, 0- 1- 0- 0/ 1,0.0%,100.0%,100.0%,0,590,0.0,2.0着,8.0人気,26.4,,590,0,0.0%,100.0%,0.0%,71.50,11.92,60.42
142,シェイヴィアン, 0- 1- 0- 0/ 1,0.0%,100.0%,100.0%,0,290,0.0,2.0着,5.0人気,11.5,,290,0,0.0%,100.0%,0.0%,71.20,11.87,60.67
143,サンキリコ, 0- 1- 0- 0/ 1,0.0%,100.0%,100.0%,0,1700,0.0,2.0着,12.0人気,71.0,,1700,0,0.0%,100.0%,0.0%,71.70,11.95,60.25
144,グラスワンダー, 0- 1- 0- 0/ 1,0.0%,100.0%,100.0%,0,120,0.0,2.0着,1.0人気,2.6,,120,0,0.0%,100.0%,0.0%,72.10,12.02,59.92
145,Rubiano, 0- 1- 0- 0/ 1,0.0%,100.0%,100.0%,0,640,0.0,2.0着,4.0人気,16.6,,640,0,0.0%,100.0%,0.0%,73.60,12.27,58.70
146,"Poet's Voice", 0- 1- 0- 0/ 1,0.0%,100.0%,100.0%,0,220,0.0,2.0着,3.0人気,7.1,,220,0,0.0%,100.0%,0.0%,70.70,11.78,61.10
147,Mtoto, 0- 1- 0- 0/ 1,0.0%,100.0%,100.0%,0,810,0.0,2.0着,9.0人気,30.1,,810,0,0.0%,100.0%,0.0%,72.10,12.02,59.92
148,"Gold Fever", 0- 1- 0- 0/ 1,0.0%,100.0%,100.0%,0,490,0.0,2.0着,7.0人気,24.8,,490,0,0.0%,100.0%,0.0%,71.20,11.87,60.67
149,Cryptoclearance, 0- 1- 0- 0/ 1,0.0%,100.0%,100.0%,0,420,0.0,2.0着,5.0人気,17.0,,420,0,0.0%,100.0%,0.0%,71.40,11.90,60.50
150,Casamento, 0- 1- 0- 0/ 1,0.0%,100.0%,100.0%,0,110,0.0,2.0着,1.0人気,1.3,,110,0,0.0%,100.0%,0.0%,75.20,12.53,57.45
151,コマンダーインチーフ, 0- 0- 4-10/14,0.0%,0.0%,28.6%,0,58,0.0,8.6着,9.4人気,87.3,,205,0,0.0%,0.0%,28.6%,72.49,12.08,59.59
152,ストーミングホーム, 0- 0- 2- 3/ 5,0.0%,0.0%,40.0%,0,48,0.0,5.6着,4.0人気,16.3,,120,0,0.0%,0.0%,40.0%,70.88,11.81,60.95
153,ミシル, 0- 0- 2- 2/ 4,0.0%,0.0%,50.0%,0,262,0.0,8.0着,9.0人気,63.5,,525,0,0.0%,0.0%,50.0%,72.23,12.04,59.81
154,ダイナガリバー, 0- 0- 1- 7/ 8,0.0%,0.0%,12.5%,0,46,0.0,6.3着,7.8人気,67.1,,370,0,0.0%,0.0%,12.5%,72.86,12.14,59.29
155,ノーザンテースト, 0- 0- 1- 5/ 6,0.0%,0.0%,16.7%,0,68,0.0,4.8着,6.3人気,28.6,,410,0,0.0%,0.0%,16.7%,72.65,12.11,59.46
156,オジジアン, 0- 0- 1- 5/ 6,0.0%,0.0%,16.7%,0,0,0.0,6.7着,7.3人気,32.2,,,0,0.0%,0.0%,16.7%,72.42,12.07,59.65
157,フォーティナイナー, 0- 0- 1- 6/ 7,0.0%,0.0%,14.3%,0,20,0.0,9.4着,5.1人気,19.6,,140,0,0.0%,0.0%,14.3%,73.13,12.19,59.07
158,フサイチコンコルド, 0- 0- 1- 4/ 5,0.0%,0.0%,20.0%,0,26,0.0,6.4着,8.6人気,78.5,,130,0,0.0%,0.0%,20.0%,72.58,12.10,59.52
159,エイシンフラッシュ, 0- 0- 1- 3/ 4,0.0%,0.0%,25.0%,0,137,0.0,7.8着,9.3人気,164.2,,550,0,0.0%,0.0%,25.0%,71.93,11.99,60.06
160,ローエングリン, 0- 0- 1- 2/ 3,0.0%,0.0%,33.3%,0,373,0.0,4.3着,9.3人気,46.0,,1120,0,0.0%,0.0%,33.3%,71.10,11.85,60.76
161,シャーディー, 0- 0- 1- 2/ 3,0.0%,0.0%,33.3%,0,226,0.0,5.0着,6.7人気,16.6,,680,0,0.0%,0.0%,33.3%,71.67,11.94,60.28
162,"Last Tycoon", 0- 0- 1- 1/ 2,0.0%,0.0%,50.0%,0,100,0.0,3.5着,3.0人気,6.6,,200,0,0.0%,0.0%,50.0%,71.65,11.94,60.29
163,メジロライアン, 0- 0- 1- 8/ 9,0.0%,0.0%,11.1%,0,77,0.0,9.2着,9.2人気,62.1,,700,0,0.0%,0.0%,11.1%,72.61,12.10,59.50
164,ワカオライデン, 0- 0- 1- 1/ 2,0.0%,0.0%,50.0%,0,75,0.0,4.0着,8.0人気,119.9,,150,0,0.0%,0.0%,50.0%,72.55,12.09,59.55
165,メイショウサムソン, 0- 0- 1- 1/ 2,0.0%,0.0%,50.0%,0,0,0.0,4.0着,6.0人気,16.9,,,0,0.0%,0.0%,50.0%,73.10,12.18,59.10
166,イブンベイ, 0- 0- 1- 1/ 2,0.0%,0.0%,50.0%,0,55,0.0,4.0着,2.0人気,11.6,,110,0,0.0%,0.0%,50.0%,73.00,12.17,59.18
167,スペシャルウィーク, 0- 0- 1- 6/ 7,0.0%,0.0%,14.3%,0,18,0.0,10.0着,7.4人気,62.3,,130,0,0.0%,0.0%,14.3%,72.17,12.03,59.86
168,キングズベスト, 0- 0- 1- 5/ 6,0.0%,0.0%,16.7%,0,53,0.0,10.0着,10.0人気,96.6,,320,0,0.0%,0.0%,16.7%,71.92,11.99,60.07
169,マヤノトップガン, 0- 0- 1- 4/ 5,0.0%,0.0%,20.0%,0,26,0.0,8.0着,7.8人気,80.9,,130,0,0.0%,0.0%,20.0%,72.74,12.12,59.39
170,ミホシンザン, 0- 0- 1- 3/ 4,0.0%,0.0%,25.0%,0,67,0.0,8.5着,7.3人気,36.7,,270,0,0.0%,0.0%,25.0%,73.18,12.20,59.04
171,Woodman, 0- 0- 1- 3/ 4,0.0%,0.0%,25.0%,0,25,0.0,10.5着,7.8人気,34.5,,100,0,0.0%,0.0%,25.0%,73.20,12.20,59.02
172,サクラチヨノオー, 0- 0- 1- 2/ 3,0.0%,0.0%,33.3%,0,0,0.0,6.7着,7.0人気,17.4,,,0,0.0%,0.0%,33.3%,73.23,12.21,58.99
173,イルドブルボン, 0- 0- 1- 2/ 3,0.0%,0.0%,33.3%,0,176,0.0,9.0着,8.7人気,62.7,,530,0,0.0%,0.0%,33.3%,73.73,12.29,58.59
174,アドマイヤベガ, 0- 0- 1- 2/ 3,0.0%,0.0%,33.3%,0,180,0.0,6.7着,7.3人気,31.7,,540,0,0.0%,0.0%,33.3%,72.17,12.03,59.86
175,マグニテユード, 0- 0- 1- 1/ 2,0.0%,0.0%,50.0%,0,75,0.0,4.5着,5.0人気,13.3,,150,0,0.0%,0.0%,50.0%,72.45,12.08,59.63
176,バンブーアトラス, 0- 0- 1- 1/ 2,0.0%,0.0%,50.0%,0,215,0.0,8.0着,10.0人気,46.8,,430,0,0.0%,0.0%,50.0%,73.35,12.23,58.90
177,バイアモン, 0- 0- 1- 1/ 2,0.0%,0.0%,50.0%,0,140,0.0,7.5着,8.0人気,66.6,,280,0,0.0%,0.0%,50.0%,72.30,12.05,59.75
178,ハーツクライ, 0- 0- 1- 1/ 2,0.0%,0.0%,50.0%,0,275,0.0,7.5着,6.5人気,17.1,,550,0,0.0%,0.0%,50.0%,70.10,11.68,61.63
179,デインヒル, 0- 0- 1- 1/ 2,0.0%,0.0%,50.0%,0,170,0.0,7.5着,7.5人気,20.6,,340,0,0.0%,0.0%,50.0%,73.90,12.32,58.46
180,ディアブロ, 0- 0- 1- 1/ 2,0.0%,0.0%,50.0%,0,270,0.0,7.5着,11.0人気,116.1,,540,0,0.0%,0.0%,50.0%,71.15,11.86,60.72
181,ストリートセンス, 0- 0- 1- 1/ 2,0.0%,0.0%,50.0%,0,150,0.0,4.5着,5.5人気,11.0,,300,0,0.0%,0.0%,50.0%,70.75,11.79,61.06
182,シルクジャスティス, 0- 0- 1- 1/ 2,0.0%,0.0%,50.0%,0,270,0.0,9.5着,9.5人気,65.5,,540,0,0.0%,0.0%,50.0%,72.45,12.08,59.63
183,サクラシンゲキ, 0- 0- 1- 1/ 2,0.0%,0.0%,50.0%,0,140,0.0,8.5着,7.0人気,17.9,,280,0,0.0%,0.0%,50.0%,72.05,12.01,59.96
184,Cozzene, 0- 0- 1- 1/ 2,0.0%,0.0%,50.0%,0,70,0.0,6.0着,4.5人気,17.3,,140,0,0.0%,0.0%,50.0%,73.10,12.18,59.10
185,レイクコモ, 0- 0- 1- 0/ 1,0.0%,0.0%,100.0%,0,800,0.0,3.0着,9.0人気,42.2,,800,0,0.0%,0.0%,100.0%,71.90,11.98,60.08
186,ヤマニンケイ, 0- 0- 1- 0/ 1,0.0%,0.0%,100.0%,0,580,0.0,3.0着,7.0人気,27.0,,580,0,0.0%,0.0%,100.0%,74.00,12.33,58.38
187,ミスターシクレノン, 0- 0- 1- 0/ 1,0.0%,0.0%,100.0%,0,130,0.0,3.0着,3.0人気,6.7,,130,0,0.0%,0.0%,100.0%,72.60,12.10,59.50
188,ホクトヘリオス, 0- 0- 1- 0/ 1,0.0%,0.0%,100.0%,0,1020,0.0,3.0着,10.0人気,48.0,,1020,0,0.0%,0.0%,100.0%,71.90,11.98,60.08
189,パルナシヤン, 0- 0- 1- 0/ 1,0.0%,0.0%,100.0%,0,870,0.0,3.0着,8.0人気,48.9,,870,0,0.0%,0.0%,100.0%,73.20,12.20,59.02
190,パーフライト, 0- 0- 1- 0/ 1,0.0%,0.0%,100.0%,0,160,0.0,3.0着,4.0人気,9.8,,160,0,0.0%,0.0%,100.0%,72.80,12.13,59.34
191,ドリームウェル, 0- 0- 1- 0/ 1,0.0%,0.0%,100.0%,0,450,0.0,3.0着,5.0人気,11.9,,450,0,0.0%,0.0%,100.0%,72.20,12.03,59.83
192,コンデュイット, 0- 0- 1- 0/ 1,0.0%,0.0%,100.0%,0,200,0.0,3.0着,3.0人気,6.0,,200,0,0.0%,0.0%,100.0%,69.60,11.60,62.07
193,ケントニーオー, 0- 0- 1- 0/ 1,0.0%,0.0%,100.0%,0,490,0.0,3.0着,8.0人気,23.5,,490,0,0.0%,0.0%,100.0%,71.40,11.90,60.50
194,エイシンオーシャン, 0- 0- 1- 0/ 1,0.0%,0.0%,100.0%,0,170,0.0,3.0着,5.0人気,34.1,,170,0,0.0%,0.0%,100.0%,72.40,12.07,59.67
195,アンフイールド, 0- 0- 1- 0/ 1,0.0%,0.0%,100.0%,0,860,0.0,3.0着,10.0人気,38.6,,860,0,0.0%,0.0%,100.0%,72.80,12.13,59.34
196,アジュディケーティング, 0- 0- 1- 0/ 1,0.0%,0.0%,100.0%,0,1500,0.0,3.0着,15.0人気,82.6,,1500,0,0.0%,0.0%,100.0%,71.00,11.83,60.85
197,"Slew City Slew", 0- 0- 1- 0/ 1,0.0%,0.0%,100.0%,0,100,0.0,3.0着,1.0人気,1.3,,100,0,0.0%,0.0%,100.0%,73.60,12.27,58.70
198,Omnicorp, 0- 0- 1- 0/ 1,0.0%,0.0%,100.0%,0,340,0.0,3.0着,5.0人気,10.7,,340,0,0.0%,0.0%,100.0%,71.90,11.98,60.08
199,"Mr. Greeley", 0- 0- 1- 0/ 1,0.0%,0.0%,100.0%,0,130,0.0,3.0着,1.0人気,3.3,,130,0,0.0%,0.0%,100.0%,70.30,11.72,61.45
200,"Jade Hunter", 0- 0- 1- 0/ 1,0.0%,0.0%,100.0%,0,110,0.0,3.0着,1.0人気,2.4,,110,0,0.0%,0.0%,100.0%,72.30,12.05,59.75
201,"Danehill Dancer", 0- 0- 1- 0/ 1,0.0%,0.0%,100.0%,0,690,0.0,3.0着,9.0人気,23.2,,690,0,0.0%,0.0%,100.0%,71.40,11.90,60.50
202,エンパイアメーカー, 0- 0- 0- 6/ 6,0.0%,0.0%,0.0%,0,0,0.0,7.7着,7.3人気,24.2,,,0,0.0%,0.0%,0.0%,71.55,11.93,60.38
203,ラムタラ, 0- 0- 0- 4/ 4,0.0%,0.0%,0.0%,0,0,0.0,7.3着,3.5人気,6.6,,,0,0.0%,0.0%,0.0%,73.80,12.30,58.54
204,サムライハート, 0- 0- 0- 3/ 3,0.0%,0.0%,0.0%,0,0,0.0,6.0着,6.0人気,40.8,,,0,0.0%,0.0%,0.0%,71.13,11.86,60.73
205,"Storm Boot", 0- 0- 0- 2/ 2,0.0%,0.0%,0.0%,0,0,0.0,4.0着,2.5人気,4.5,,,0,0.0%,0.0%,0.0%,72.20,12.03,59.83
206,キンググローリアス, 0- 0- 0-10/10,0.0%,0.0%,0.0%,0,0,0.0,8.3着,9.0人気,66.3,,,0,0.0%,0.0%,0.0%,72.85,12.14,59.30
207,シャンハイ, 0- 0- 0- 7/ 7,0.0%,0.0%,0.0%,0,0,0.0,8.3着,9.6人気,92.8,,,0,0.0%,0.0%,0.0%,72.83,12.14,59.32
208,クロフネ, 0- 0- 0- 5/ 5,0.0%,0.0%,0.0%,0,0,0.0,6.4着,8.8人気,69.5,,,0,0.0%,0.0%,0.0%,71.92,11.99,60.07
209,アグネスワールド, 0- 0- 0- 3/ 3,0.0%,0.0%,0.0%,0,0,0.0,6.7着,7.0人気,118.4,,,0,0.0%,0.0%,0.0%,72.03,12.01,59.97
210,ジョリーズヘイロー, 0- 0- 0- 2/ 2,0.0%,0.0%,0.0%,0,0,0.0,4.5着,2.5人気,5.1,,,0,0.0%,0.0%,0.0%,72.65,12.11,59.46
211,スリルシヨー, 0- 0- 0- 7/ 7,0.0%,0.0%,0.0%,0,0,0.0,12.0着,10.0人気,106.7,,,0,0.0%,0.0%,0.0%,72.94,12.16,59.22
212,アレミロード, 0- 0- 0- 5/ 5,0.0%,0.0%,0.0%,0,0,0.0,7.8着,8.2人気,63.5,,,0,0.0%,0.0%,0.0%,73.00,12.17,59.18
213,ダノンシャンティ, 0- 0- 0- 4/ 4,0.0%,0.0%,0.0%,0,0,0.0,8.5着,6.5人気,28.7,,,0,0.0%,0.0%,0.0%,72.65,12.11,59.46
214,モガミ, 0- 0- 0- 3/ 3,0.0%,0.0%,0.0%,0,0,0.0,11.0着,9.7人気,66.1,,,0,0.0%,0.0%,0.0%,73.33,12.22,58.91
215,シンボリルドルフ, 0- 0- 0- 3/ 3,0.0%,0.0%,0.0%,0,0,0.0,11.0着,5.3人気,28.0,,,0,0.0%,0.0%,0.0%,74.03,12.34,58.35
216,サクラプレジデント, 0- 0- 0- 3/ 3,0.0%,0.0%,0.0%,0,0,0.0,7.3着,10.3人気,131.2,,,0,0.0%,0.0%,0.0%,71.40,11.90,60.50
217,エアジハード, 0- 0- 0- 3/ 3,0.0%,0.0%,0.0%,0,0,0.0,9.0着,8.0人気,123.5,,,0,0.0%,0.0%,0.0%,72.20,12.03,59.83
218,ウォーニング, 0- 0- 0- 3/ 3,0.0%,0.0%,0.0%,0,0,0.0,8.3着,9.7人気,53.1,,,0,0.0%,0.0%,0.0%,72.70,12.12,59.42
219,Danzig, 0- 0- 0- 3/ 3,0.0%,0.0%,0.0%,0,0,0.0,8.3着,3.3人気,7.0,,,0,0.0%,0.0%,0.0%,71.50,11.92,60.42
220,ミルフオード, 0- 0- 0- 2/ 2,0.0%,0.0%,0.0%,0,0,0.0,7.0着,9.0人気,92.8,,,0,0.0%,0.0%,0.0%,73.95,12.33,58.42
221,マチカネタンホイザ, 0- 0- 0- 2/ 2,0.0%,0.0%,0.0%,0,0,0.0,5.5着,12.5人気,96.1,,,0,0.0%,0.0%,0.0%,72.10,12.02,59.92
222,ボストンハーバー, 0- 0- 0- 2/ 2,0.0%,0.0%,0.0%,0,0,0.0,7.5着,2.5人気,4.2,,,0,0.0%,0.0%,0.0%,72.65,12.11,59.46
223,フレンチグローリー, 0- 0- 0- 2/ 2,0.0%,0.0%,0.0%,0,0,0.0,5.0着,9.0人気,42.2,,,0,0.0%,0.0%,0.0%,72.75,12.13,59.38
224,ニチドウアラシ, 0- 0- 0- 2/ 2,0.0%,0.0%,0.0%,0,0,0.0,5.5着,10.5人気,36.7,,,0,0.0%,0.0%,0.0%,72.25,12.04,59.79
225,テユーター, 0- 0- 0- 2/ 2,0.0%,0.0%,0.0%,0,0,0.0,5.5着,8.0人気,57.2,,,0,0.0%,0.0%,0.0%,73.35,12.23,58.90
226,ゼネラリスト, 0- 0- 0- 2/ 2,0.0%,0.0%,0.0%,0,0,0.0,9.0着,9.0人気,79.7,,,0,0.0%,0.0%,0.0%,72.65,12.11,59.46
227,スピニングワールド, 0- 0- 0- 2/ 2,0.0%,0.0%,0.0%,0,0,0.0,5.0着,5.0人気,13.8,,,0,0.0%,0.0%,0.0%,71.65,11.94,60.29
228,ゴライタス, 0- 0- 0- 2/ 2,0.0%,0.0%,0.0%,0,0,0.0,6.5着,7.5人気,32.5,,,0,0.0%,0.0%,0.0%,73.15,12.19,59.06
229,ゴールドアリュール, 0- 0- 0- 2/ 2,0.0%,0.0%,0.0%,0,0,0.0,9.5着,10.5人気,92.1,,,0,0.0%,0.0%,0.0%,71.60,11.93,60.34
230,エルセニョール, 0- 0- 0- 2/ 2,0.0%,0.0%,0.0%,0,0,0.0,9.5着,9.5人気,57.9,,,0,0.0%,0.0%,0.0%,75.85,12.64,56.95
231,エリシオ, 0- 0- 0- 2/ 2,0.0%,0.0%,0.0%,0,0,0.0,9.0着,10.5人気,107.7,,,0,0.0%,0.0%,0.0%,72.15,12.03,59.88
232,アドマイヤコジーン, 0- 0- 0- 2/ 2,0.0%,0.0%,0.0%,0,0,0.0,6.0着,13.0人気,98.1,,,0,0.0%,0.0%,0.0%,71.70,11.95,60.25
233,"Discreet Cat", 0- 0- 0- 2/ 2,0.0%,0.0%,0.0%,0,0,0.0,7.0着,10.0人気,48.5,,,0,0.0%,0.0%,0.0%,71.10,11.85,60.76
234,リキアイワカタカ, 0- 0- 0- 1/ 1,0.0%,0.0%,0.0%,0,0,0.0,4.0着,8.0人気,15.5,,,0,0.0%,0.0%,0.0%,69.60,11.60,62.07
235,メジロベイリー, 0- 0- 0- 1/ 1,0.0%,0.0%,0.0%,0,0,0.0,4.0着,2.0人気,3.9,,,0,0.0%,0.0%,0.0%,71.60,11.93,60.34
236,ムーンマツドネス, 0- 0- 0- 1/ 1,0.0%,0.0%,0.0%,0,0,0.0,4.0着,4.0人気,8.8,,,0,0.0%,0.0%,0.0%,71.90,11.98,60.08
237,ホークアタック, 0- 0- 0- 1/ 1,0.0%,0.0%,0.0%,0,0,0.0,4.0着,12.0人気,64.1,,,0,0.0%,0.0%,0.0%,71.20,11.87,60.67
238,ファスリエフ, 0- 0- 0- 1/ 1,0.0%,0.0%,0.0%,0,0,0.0,4.0着,7.0人気,28.7,,,0,0.0%,0.0%,0.0%,72.70,12.12,59.42
239,テリオス, 0- 0- 0- 1/ 1,0.0%,0.0%,0.0%,0,0,0.0,4.0着,4.0人気,17.8,,,0,0.0%,0.0%,0.0%,73.30,12.22,58.94
240,ダイヤモンドショール, 0- 0- 0- 1/ 1,0.0%,0.0%,0.0%,0,0,0.0,4.0着,6.0人気,20.2,,,0,0.0%,0.0%,0.0%,70.70,11.78,61.10
241,スイフトスワロー, 0- 0- 0- 1/ 1,0.0%,0.0%,0.0%,0,0,0.0,4.0着,9.0人気,33.7,,,0,0.0%,0.0%,0.0%,72.40,12.07,59.67
242,サクラシヨウリ, 0- 0- 0- 1/ 1,0.0%,0.0%,0.0%,0,0,0.0,4.0着,6.0人気,21.9,,,0,0.0%,0.0%,0.0%,73.70,12.28,58.62
243,サウスアトランテイツク, 0- 0- 0- 1/ 1,0.0%,0.0%,0.0%,0,0,0.0,4.0着,2.0人気,4.4,,,0,0.0%,0.0%,0.0%,71.60,11.93,60.34
244,サイドチヤペル, 0- 0- 0- 1/ 1,0.0%,0.0%,0.0%,0,0,0.0,4.0着,5.0人気,15.1,,,0,0.0%,0.0%,0.0%,73.10,12.18,59.10
245,ケープブランコ, 0- 0- 0- 1/ 1,0.0%,0.0%,0.0%,0,0,0.0,4.0着,4.0人気,26.9,,,0,0.0%,0.0%,0.0%,72.10,12.02,59.92
246,カコイーシーズ, 0- 0- 0- 1/ 1,0.0%,0.0%,0.0%,0,0,0.0,4.0着,5.0人気,33.7,,,0,0.0%,0.0%,0.0%,72.00,12.00,60.00
247,オールフォゴットン, 0- 0- 0- 1/ 1,0.0%,0.0%,0.0%,0,0,0.0,4.0着,6.0人気,18.4,,,0,0.0%,0.0%,0.0%,72.90,12.15,59.26
248,ヴィジョン, 0- 0- 0- 1/ 1,0.0%,0.0%,0.0%,0,0,0.0,4.0着,15.0人気,239.9,,,0,0.0%,0.0%,0.0%,72.50,12.08,59.59
249,"Valiant Nature", 0- 0- 0- 1/ 1,0.0%,0.0%,0.0%,0,0,0.0,4.0着,4.0人気,7.6,,,0,0.0%,0.0%,0.0%,71.90,11.98,60.08
250,Funambule, 0- 0- 0- 1/ 1,0.0%,0.0%,0.0%,0,0,0.0,4.0着,14.0人気,77.4,,,0,0.0%,0.0%,0.0%,70.20,11.70,61.54
251,Frankel, 0- 0- 0- 1/ 1,0.0%,0.0%,0.0%,0,0,0.0,4.0着,5.0人気,12.1,,,0,0.0%,0.0%,0.0%,70.70,11.78,61.10
252,"Encosta De Lago", 0- 0- 0- 1/ 1,0.0%,0.0%,0.0%,0,0,0.0,4.0着,5.0人気,8.3,,,0,0.0%,0.0%,0.0%,70.10,11.68,61.63
253,バゴ, 0- 0- 0- 6/ 6,0.0%,0.0%,0.0%,0,0,0.0,8.2着,7.5人気,36.5,,,0,0.0%,0.0%,0.0%,71.35,11.89,60.55
254,マーベラスサンデー, 0- 0- 0- 4/ 4,0.0%,0.0%,0.0%,0,0,0.0,6.8着,9.3人気,66.6,,,0,0.0%,0.0%,0.0%,72.78,12.13,59.36
255,キャロルハウス, 0- 0- 0- 2/ 2,0.0%,0.0%,0.0%,0,0,0.0,5.0着,6.0人気,20.9,,,0,0.0%,0.0%,0.0%,71.55,11.93,60.38
256,"Time for a Change", 0- 0- 0- 2/ 2,0.0%,0.0%,0.0%,0,0,0.0,5.0着,3.0人気,5.3,,,0,0.0%,0.0%,0.0%,73.10,12.18,59.10
257,マツリダゴッホ, 0- 0- 0- 8/ 8,0.0%,0.0%,0.0%,0,0,0.0,10.5着,8.1人気,32.7,,,0,0.0%,0.0%,0.0%,72.06,12.01,59.95
258,ゴールデンフェザント, 0- 0- 0- 6/ 6,0.0%,0.0%,0.0%,0,0,0.0,8.3着,8.7人気,57.4,,,0,0.0%,0.0%,0.0%,73.32,12.22,58.92
259,メジロマックイーン, 0- 0- 0- 5/ 5,0.0%,0.0%,0.0%,0,0,0.0,9.2着,10.8人気,83.6,,,0,0.0%,0.0%,0.0%,73.02,12.17,59.16
260,マークオブディスティンクション, 0- 0- 0- 5/ 5,0.0%,0.0%,0.0%,0,0,0.0,7.4着,8.6人気,87.5,,,0,0.0%,0.0%,0.0%,72.58,12.10,59.52
261,ヒシマサル, 0- 0- 0- 5/ 5,0.0%,0.0%,0.0%,0,0,0.0,8.8着,8.6人気,40.2,,,0,0.0%,0.0%,0.0%,73.40,12.23,58.86
262,ステイゴールド, 0- 0- 0- 5/ 5,0.0%,0.0%,0.0%,0,0,0.0,12.0着,10.4人気,86.3,,,0,0.0%,0.0%,0.0%,72.06,12.01,59.95
263,ミルジヨージ, 0- 0- 0- 4/ 4,0.0%,0.0%,0.0%,0,0,0.0,6.8着,9.3人気,50.0,,,0,0.0%,0.0%,0.0%,73.55,12.26,58.74
264,ジェネラス, 0- 0- 0- 4/ 4,0.0%,0.0%,0.0%,0,0,0.0,10.0着,10.5人気,92.0,,,0,0.0%,0.0%,0.0%,74.03,12.34,58.36
265,リズム, 0- 0- 0- 3/ 3,0.0%,0.0%,0.0%,0,0,0.0,6.3着,11.0人気,65.6,,,0,0.0%,0.0%,0.0%,71.73,11.96,60.22
266,ヘニーヒューズ, 0- 0- 0- 3/ 3,0.0%,0.0%,0.0%,0,0,0.0,11.0着,9.0人気,59.4,,,0,0.0%,0.0%,0.0%,72.70,12.12,59.42
267,ソヴィエトスター, 0- 0- 0- 3/ 3,0.0%,0.0%,0.0%,0,0,0.0,10.3着,9.0人気,42.9,,,0,0.0%,0.0%,0.0%,73.00,12.17,59.18
268,ラツキーソブリン, 0- 0- 0- 2/ 2,0.0%,0.0%,0.0%,0,0,0.0,7.5着,6.5人気,20.3,,,0,0.0%,0.0%,0.0%,73.60,12.27,58.70
269,ブラックタイアフェアー, 0- 0- 0- 2/ 2,0.0%,0.0%,0.0%,0,0,0.0,7.5着,5.0人気,16.1,,,0,0.0%,0.0%,0.0%,72.60,12.10,59.50
270,フサイチソニック, 0- 0- 0- 2/ 2,0.0%,0.0%,0.0%,0,0,0.0,6.0着,11.0人気,135.3,,,0,0.0%,0.0%,0.0%,71.95,11.99,60.04
271,ターナボス, 0- 0- 0- 2/ 2,0.0%,0.0%,0.0%,0,0,0.0,7.5着,11.5人気,40.2,,,0,0.0%,0.0%,0.0%,72.50,12.08,59.59
272,グランドオペラ, 0- 0- 0- 2/ 2,0.0%,0.0%,0.0%,0,0,0.0,7.5着,6.0人気,22.8,,,0,0.0%,0.0%,0.0%,73.35,12.23,58.90
273,リンカーン, 0- 0- 0- 1/ 1,0.0%,0.0%,0.0%,0,0,0.0,5.0着,4.0人気,11.7,,,0,0.0%,0.0%,0.0%,71.10,11.85,60.76
274,ライブリーワン, 0- 0- 0- 1/ 1,0.0%,0.0%,0.0%,0,0,0.0,5.0着,6.0人気,34.6,,,0,0.0%,0.0%,0.0%,72.80,12.13,59.34
275,ムーンバラッド, 0- 0- 0- 1/ 1,0.0%,0.0%,0.0%,0,0,0.0,5.0着,10.0人気,27.6,,,0,0.0%,0.0%,0.0%,71.30,11.88,60.59
276,マナード, 0- 0- 0- 1/ 1,0.0%,0.0%,0.0%,0,0,0.0,5.0着,5.0人気,8.7,,,0,0.0%,0.0%,0.0%,71.70,11.95,60.25
277,ベルシャザール, 0- 0- 0- 1/ 1,0.0%,0.0%,0.0%,0,0,0.0,5.0着,5.0人気,21.8,,,0,0.0%,0.0%,0.0%,76.10,12.68,56.77
278,ツルマルボーイ, 0- 0- 0- 1/ 1,0.0%,0.0%,0.0%,0,0,0.0,5.0着,9.0人気,117.8,,,0,0.0%,0.0%,0.0%,71.70,11.95,60.25
279,ザッツザプレンティ, 0- 0- 0- 1/ 1,0.0%,0.0%,0.0%,0,0,0.0,5.0着,4.0人気,6.6,,,0,0.0%,0.0%,0.0%,73.00,12.17,59.18
280,"Storm Cat", 0- 0- 0- 1/ 1,0.0%,0.0%,0.0%,0,0,0.0,5.0着,2.0人気,3.8,,,0,0.0%,0.0%,0.0%,71.50,11.92,60.42
281,"Silver Hawk", 0- 0- 0- 1/ 1,0.0%,0.0%,0.0%,0,0,0.0,5.0着,6.0人気,13.4,,,0,0.0%,0.0%,0.0%,72.10,12.02,59.92
282,"Pleasant Tap", 0- 0- 0- 1/ 1,0.0%,0.0%,0.0%,0,0,0.0,5.0着,9.0人気,39.8,,,0,0.0%,0.0%,0.0%,72.80,12.13,59.34
283,Niniski, 0- 0- 0- 1/ 1,0.0%,0.0%,0.0%,0,0,0.0,5.0着,2.0人気,2.6,,,0,0.0%,0.0%,0.0%,72.40,12.07,59.67
284,"End Sweep", 0- 0- 0- 1/ 1,0.0%,0.0%,0.0%,0,0,0.0,5.0着,1.0人気,1.6,,,0,0.0%,0.0%,0.0%,73.30,12.22,58.94
285,Dehere, 0- 0- 0- 1/ 1,0.0%,0.0%,0.0%,0,0,0.0,5.0着,15.0人気,115.4,,,0,0.0%,0.0%,0.0%,72.70,12.12,59.42
286,Daylami, 0- 0- 0- 1/ 1,0.0%,0.0%,0.0%,0,0,0.0,5.0着,6.0人気,14.4,,,0,0.0%,0.0%,0.0%,71.70,11.95,60.25
287,Alydeed, 0- 0- 0- 1/ 1,0.0%,0.0%,0.0%,0,0,0.0,5.0着,3.0人気,7.1,,,0,0.0%,0.0%,0.0%,72.20,12.03,59.83
288,スウェプトオーヴァーボード, 0- 0- 0- 8/ 8,0.0%,0.0%,0.0%,0,0,0.0,8.4着,7.0人気,29.0,,,0,0.0%,0.0%,0.0%,71.88,11.98,60.10
289,タイトスポット, 0- 0- 0- 5/ 5,0.0%,0.0%,0.0%,0,0,0.0,9.4着,9.0人気,32.7,,,0,0.0%,0.0%,0.0%,72.76,12.13,59.37
290,サツカーボーイ, 0- 0- 0- 5/ 5,0.0%,0.0%,0.0%,0,0,0.0,8.6着,11.4人気,136.1,,,0,0.0%,0.0%,0.0%,72.70,12.12,59.42
291,プリサイスエンド, 0- 0- 0- 4/ 4,0.0%,0.0%,0.0%,0,0,0.0,11.5着,12.5人気,194.6,,,0,0.0%,0.0%,0.0%,72.05,12.01,59.96
292,トウシヨウボーイ, 0- 0- 0- 4/ 4,0.0%,0.0%,0.0%,0,0,0.0,10.3着,9.8人気,39.6,,,0,0.0%,0.0%,0.0%,72.80,12.13,59.34
293,ターゴワイス, 0- 0- 0- 4/ 4,0.0%,0.0%,0.0%,0,0,0.0,11.5着,8.5人気,24.7,,,0,0.0%,0.0%,0.0%,72.75,12.13,59.38
294,リーチザクラウン, 0- 0- 0- 3/ 3,0.0%,0.0%,0.0%,0,0,0.0,8.0着,9.0人気,79.4,,,0,0.0%,0.0%,0.0%,71.93,11.99,60.06
295,ラシアンルーブル, 0- 0- 0- 3/ 3,0.0%,0.0%,0.0%,0,0,0.0,10.3着,10.3人気,37.0,,,0,0.0%,0.0%,0.0%,73.50,12.25,58.78
296,ミュージックタイム, 0- 0- 0- 3/ 3,0.0%,0.0%,0.0%,0,0,0.0,9.0着,8.3人気,128.7,,,0,0.0%,0.0%,0.0%,73.80,12.30,58.54
297,ポリッシュネイビー, 0- 0- 0- 3/ 3,0.0%,0.0%,0.0%,0,0,0.0,11.7着,7.7人気,39.1,,,0,0.0%,0.0%,0.0%,73.03,12.17,59.15
298,ペンタイア, 0- 0- 0- 3/ 3,0.0%,0.0%,0.0%,0,0,0.0,11.3着,9.7人気,61.8,,,0,0.0%,0.0%,0.0%,73.00,12.17,59.18
299,ハウスバスター, 0- 0- 0- 3/ 3,0.0%,0.0%,0.0%,0,0,0.0,7.7着,6.0人気,71.1,,,0,0.0%,0.0%,0.0%,72.57,12.09,59.53
300,ナリタブライアン, 0- 0- 0- 3/ 3,0.0%,0.0%,0.0%,0,0,0.0,10.7着,8.0人気,42.7,,,0,0.0%,0.0%,0.0%,72.47,12.08,59.61
301,ティッカネン, 0- 0- 0- 3/ 3,0.0%,0.0%,0.0%,0,0,0.0,13.7着,11.0人気,64.6,,,0,0.0%,0.0%,0.0%,72.73,12.12,59.40
302,タヤスツヨシ, 0- 0- 0- 3/ 3,0.0%,0.0%,0.0%,0,0,0.0,10.3着,11.3人気,53.6,,,0,0.0%,0.0%,0.0%,72.00,12.00,60.00
303,ストラヴィンスキー, 0- 0- 0- 3/ 3,0.0%,0.0%,0.0%,0,0,0.0,9.0着,10.0人気,59.8,,,0,0.0%,0.0%,0.0%,71.63,11.94,60.31
304,スキャターザゴールド, 0- 0- 0- 3/ 3,0.0%,0.0%,0.0%,0,0,0.0,10.0着,7.3人気,65.6,,,0,0.0%,0.0%,0.0%,73.67,12.28,58.64
305,ジェニュイン, 0- 0- 0- 3/ 3,0.0%,0.0%,0.0%,0,0,0.0,13.7着,8.0人気,88.7,,,0,0.0%,0.0%,0.0%,73.30,12.22,58.94
306,サクラトウコウ, 0- 0- 0- 3/ 3,0.0%,0.0%,0.0%,0,0,0.0,8.0着,6.3人気,28.7,,,0,0.0%,0.0%,0.0%,74.50,12.42,57.99
307,サウスヴィグラス, 0- 0- 0- 3/ 3,0.0%,0.0%,0.0%,0,0,0.0,12.0着,11.3人気,63.6,,,0,0.0%,0.0%,0.0%,71.87,11.98,60.11
308,エブロス, 0- 0- 0- 3/ 3,0.0%,0.0%,0.0%,0,0,0.0,8.7着,12.0人気,161.8,,,0,0.0%,0.0%,0.0%,72.77,12.13,59.37
309,アドマイヤマックス, 0- 0- 0- 3/ 3,0.0%,0.0%,0.0%,0,0,0.0,9.7着,9.7人気,103.8,,,0,0.0%,0.0%,0.0%,72.30,12.05,59.75
310,Gulch, 0- 0- 0- 3/ 3,0.0%,0.0%,0.0%,0,0,0.0,12.3着,9.0人気,27.6,,,0,0.0%,0.0%,0.0%,73.03,12.17,59.15
311,ワツスルタツチ, 0- 0- 0- 2/ 2,0.0%,0.0%,0.0%,0,0,0.0,11.0着,6.5人気,23.8,,,0,0.0%,0.0%,0.0%,72.90,12.15,59.26
312,リヴリア, 0- 0- 0- 2/ 2,0.0%,0.0%,0.0%,0,0,0.0,10.0着,9.0人気,32.7,,,0,0.0%,0.0%,0.0%,72.50,12.08,59.59
313,リードワンダー, 0- 0- 0- 2/ 2,0.0%,0.0%,0.0%,0,0,0.0,10.0着,11.0人気,40.1,,,0,0.0%,0.0%,0.0%,72.30,12.05,59.75
314,メイショウオウドウ, 0- 0- 0- 2/ 2,0.0%,0.0%,0.0%,0,0,0.0,8.0着,9.0人気,46.1,,,0,0.0%,0.0%,0.0%,73.00,12.17,59.18
315,ムッシュシェクル, 0- 0- 0- 2/ 2,0.0%,0.0%,0.0%,0,0,0.0,8.0着,12.5人気,151.2,,,0,0.0%,0.0%,0.0%,72.70,12.12,59.42
316,マジックマイルズ, 0- 0- 0- 2/ 2,0.0%,0.0%,0.0%,0,0,0.0,11.0着,13.0人気,106.1,,,0,0.0%,0.0%,0.0%,73.65,12.28,58.66
317,ブラッシングジョン, 0- 0- 0- 2/ 2,0.0%,0.0%,0.0%,0,0,0.0,10.0着,14.5人気,153.9,,,0,0.0%,0.0%,0.0%,72.60,12.10,59.50
318,ビワハヤヒデ, 0- 0- 0- 2/ 2,0.0%,0.0%,0.0%,0,0,0.0,11.0着,9.0人気,47.0,,,0,0.0%,0.0%,0.0%,74.40,12.40,58.06
319,バンブービギン, 0- 0- 0- 2/ 2,0.0%,0.0%,0.0%,0,0,0.0,7.5着,8.0人気,28.4,,,0,0.0%,0.0%,0.0%,71.05,11.84,60.80
320,ハービンジャー, 0- 0- 0- 2/ 2,0.0%,0.0%,0.0%,0,0,0.0,11.0着,12.5人気,121.5,,,0,0.0%,0.0%,0.0%,71.70,11.95,60.25
321,ノーパスノーセール, 0- 0- 0- 2/ 2,0.0%,0.0%,0.0%,0,0,0.0,11.0着,10.5人気,62.3,,,0,0.0%,0.0%,0.0%,72.95,12.16,59.22
322,ドリームジャーニー, 0- 0- 0- 2/ 2,0.0%,0.0%,0.0%,0,0,0.0,8.0着,9.0人気,56.3,,,0,0.0%,0.0%,0.0%,70.60,11.77,61.19
323,トウカイテイオー, 0- 0- 0- 2/ 2,0.0%,0.0%,0.0%,0,0,0.0,11.5着,12.5人気,132.6,,,0,0.0%,0.0%,0.0%,72.35,12.06,59.71
324,テンパレートシル, 0- 0- 0- 2/ 2,0.0%,0.0%,0.0%,0,0,0.0,9.5着,6.5人気,32.6,,,0,0.0%,0.0%,0.0%,74.70,12.45,57.83
325,デュランダル, 0- 0- 0- 2/ 2,0.0%,0.0%,0.0%,0,0,0.0,9.5着,9.0人気,25.9,,,0,0.0%,0.0%,0.0%,71.80,11.97,60.17
326,タートルボウル, 0- 0- 0- 2/ 2,0.0%,0.0%,0.0%,0,0,0.0,7.0着,8.0人気,113.3,,,0,0.0%,0.0%,0.0%,72.70,12.12,59.42
327,ソウルオブザマター, 0- 0- 0- 2/ 2,0.0%,0.0%,0.0%,0,0,0.0,14.5着,11.5人気,135.6,,,0,0.0%,0.0%,0.0%,71.85,11.98,60.13
328,スクワートルスクワート, 0- 0- 0- 2/ 2,0.0%,0.0%,0.0%,0,0,0.0,11.5着,13.0人気,68.6,,,0,0.0%,0.0%,0.0%,72.05,12.01,59.96
329,シンウルフ, 0- 0- 0- 2/ 2,0.0%,0.0%,0.0%,0,0,0.0,12.0着,12.5人気,55.9,,,0,0.0%,0.0%,0.0%,72.85,12.14,59.30
330,シリウスシンボリ, 0- 0- 0- 2/ 2,0.0%,0.0%,0.0%,0,0,0.0,9.0着,12.0人気,112.4,,,0,0.0%,0.0%,0.0%,72.25,12.04,59.79
331,ジャイアントレッカー, 0- 0- 0- 2/ 2,0.0%,0.0%,0.0%,0,0,0.0,10.5着,10.0人気,48.4,,,0,0.0%,0.0%,0.0%,71.85,11.98,60.13
332,シニスターミニスター, 0- 0- 0- 2/ 2,0.0%,0.0%,0.0%,0,0,0.0,10.0着,12.5人気,111.8,,,0,0.0%,0.0%,0.0%,71.60,11.93,60.34
333,サンシャック, 0- 0- 0- 2/ 2,0.0%,0.0%,0.0%,0,0,0.0,12.5着,7.0人気,25.9,,,0,0.0%,0.0%,0.0%,72.35,12.06,59.71
334,コロナドズクエスト, 0- 0- 0- 2/ 2,0.0%,0.0%,0.0%,0,0,0.0,8.5着,7.5人気,23.4,,,0,0.0%,0.0%,0.0%,71.25,11.88,60.63
335,ゴールデンゼウス, 0- 0- 0- 2/ 2,0.0%,0.0%,0.0%,0,0,0.0,9.5着,6.0人気,19.7,,,0,0.0%,0.0%,0.0%,73.95,12.33,58.42
336,コインドシルバー, 0- 0- 0- 2/ 2,0.0%,0.0%,0.0%,0,0,0.0,10.5着,9.5人気,42.1,,,0,0.0%,0.0%,0.0%,73.65,12.28,58.66
337,ケイムホーム, 0- 0- 0- 2/ 2,0.0%,0.0%,0.0%,0,0,0.0,10.0着,5.0人気,54.3,,,0,0.0%,0.0%,0.0%,74.15,12.36,58.26
338,クリスタルグリツターズ, 0- 0- 0- 2/ 2,0.0%,0.0%,0.0%,0,0,0.0,12.5着,9.0人気,39.7,,,0,0.0%,0.0%,0.0%,72.70,12.12,59.42
339,オレハマッテルゼ, 0- 0- 0- 2/ 2,0.0%,0.0%,0.0%,0,0,0.0,13.0着,12.5人気,79.0,,,0,0.0%,0.0%,0.0%,71.40,11.90,60.50
340,エスポワールシチー, 0- 0- 0- 2/ 2,0.0%,0.0%,0.0%,0,0,0.0,13.0着,13.5人気,198.8,,,0,0.0%,0.0%,0.0%,71.85,11.98,60.13
341,ウインドストース, 0- 0- 0- 2/ 2,0.0%,0.0%,0.0%,0,0,0.0,10.0着,13.5人気,84.1,,,0,0.0%,0.0%,0.0%,72.45,12.08,59.63
342,イシノサンデー, 0- 0- 0- 2/ 2,0.0%,0.0%,0.0%,0,0,0.0,10.0着,12.5人気,167.4,,,0,0.0%,0.0%,0.0%,73.40,12.23,58.86
343,アメリカンボス, 0- 0- 0- 2/ 2,0.0%,0.0%,0.0%,0,0,0.0,10.5着,9.0人気,63.4,,,0,0.0%,0.0%,0.0%,74.15,12.36,58.26
344,アドマイヤジャパン, 0- 0- 0- 2/ 2,0.0%,0.0%,0.0%,0,0,0.0,7.0着,2.5人気,6.5,,,0,0.0%,0.0%,0.0%,71.75,11.96,60.21
345,アイルハヴアナザー, 0- 0- 0- 2/ 2,0.0%,0.0%,0.0%,0,0,0.0,10.5着,12.0人気,202.2,,,0,0.0%,0.0%,0.0%,71.55,11.93,60.38
346,"Palace Music", 0- 0- 0- 2/ 2,0.0%,0.0%,0.0%,0,0,0.0,8.5着,11.0人気,189.2,,,0,0.0%,0.0%,0.0%,72.70,12.12,59.42
347,"Malibu Moon", 0- 0- 0- 2/ 2,0.0%,0.0%,0.0%,0,0,0.0,14.5着,10.5人気,63.6,,,0,0.0%,0.0%,0.0%,72.30,12.05,59.75
348,"Lear Fan", 0- 0- 0- 2/ 2,0.0%,0.0%,0.0%,0,0,0.0,12.0着,9.5人気,46.5,,,0,0.0%,0.0%,0.0%,72.25,12.04,59.79
349,"Indian Ridge", 0- 0- 0- 2/ 2,0.0%,0.0%,0.0%,0,0,0.0,8.0着,7.0人気,41.3,,,0,0.0%,0.0%,0.0%,71.45,11.91,60.46
350,"Holy Bull", 0- 0- 0- 2/ 2,0.0%,0.0%,0.0%,0,0,0.0,10.5着,7.5人気,17.7,,,0,0.0%,0.0%,0.0%,73.20,12.20,59.02
351,"Green Desert", 0- 0- 0- 2/ 2,0.0%,0.0%,0.0%,0,0,0.0,10.5着,11.0人気,87.3,,,0,0.0%,0.0%,0.0%,71.80,11.97,60.17
352,Dayjur, 0- 0- 0- 2/ 2,0.0%,0.0%,0.0%,0,0,0.0,11.0着,5.0人気,14.1,,,0,0.0%,0.0%,0.0%,73.00,12.17,59.18
353,"Conquistador Cielo", 0- 0- 0- 2/ 2,0.0%,0.0%,0.0%,0,0,0.0,13.5着,2.5人気,5.7,,,0,0.0%,0.0%,0.0%,73.00,12.17,59.18
354,ワイルドラッシュ, 0- 0- 0- 1/ 1,0.0%,0.0%,0.0%,0,0,0.0,8.0着,8.0人気,19.3,,,0,0.0%,0.0%,0.0%,70.40,11.73,61.36
355,ワークフォース, 0- 0- 0- 1/ 1,0.0%,0.0%,0.0%,0,0,0.0,12.0着,13.0人気,117.9,,,0,0.0%,0.0%,0.0%,71.70,11.95,60.25
356,ロードアルティマ, 0- 0- 0- 1/ 1,0.0%,0.0%,0.0%,0,0,0.0,8.0着,5.0人気,43.1,,,0,0.0%,0.0%,0.0%,73.40,12.23,58.86
357,ロイヤルタッチ, 0- 0- 0- 1/ 1,0.0%,0.0%,0.0%,0,0,0.0,15.0着,6.0人気,23.5,,,0,0.0%,0.0%,0.0%,73.50,12.25,58.78
358,レシテイシヨン, 0- 0- 0- 1/ 1,0.0%,0.0%,0.0%,0,0,0.0,8.0着,8.0人気,149.1,,,0,0.0%,0.0%,0.0%,77.90,12.98,55.46
359,レオンプライド, 0- 0- 0- 1/ 1,0.0%,0.0%,0.0%,0,0,0.0,13.0着,1.0人気,2.7,,,0,0.0%,0.0%,0.0%,72.50,12.08,59.59
360,リーフグレイド, 0- 0- 0- 1/ 1,0.0%,0.0%,0.0%,0,0,0.0,7.0着,4.0人気,8.0,,,0,0.0%,0.0%,0.0%,71.90,11.98,60.08
361,ラグビーボール, 0- 0- 0- 1/ 1,0.0%,0.0%,0.0%,0,0,0.0,8.0着,8.0人気,66.1,,,0,0.0%,0.0%,0.0%,72.80,12.13,59.34
362,ライラリツジ, 0- 0- 0- 1/ 1,0.0%,0.0%,0.0%,0,0,0.0,6.0着,12.0人気,47.7,,,0,0.0%,0.0%,0.0%,70.80,11.80,61.02
363,メリーナイス, 0- 0- 0- 1/ 1,0.0%,0.0%,0.0%,0,0,0.0,7.0着,13.0人気,161.6,,,0,0.0%,0.0%,0.0%,72.80,12.13,59.34
364,メイショウホムラ, 0- 0- 0- 1/ 1,0.0%,0.0%,0.0%,0,0,0.0,11.0着,9.0人気,149.5,,,0,0.0%,0.0%,0.0%,74.90,12.48,57.68
365,メイショウドトウ, 0- 0- 0- 1/ 1,0.0%,0.0%,0.0%,0,0,0.0,15.0着,15.0人気,299.1,,,0,0.0%,0.0%,0.0%,73.10,12.18,59.10
366,ムービースター, 0- 0- 0- 1/ 1,0.0%,0.0%,0.0%,0,0,0.0,11.0着,16.0人気,216.0,,,0,0.0%,0.0%,0.0%,72.20,12.03,59.83
367,ミユゲロワイヤル, 0- 0- 0- 1/ 1,0.0%,0.0%,0.0%,0,0,0.0,7.0着,8.0人気,30.1,,,0,0.0%,0.0%,0.0%,75.00,12.50,57.60
368,ミスターシービー, 0- 0- 0- 1/ 1,0.0%,0.0%,0.0%,0,0,0.0,7.0着,1.0人気,2.8,,,0,0.0%,0.0%,0.0%,73.80,12.30,58.54
369,マリエンバード, 0- 0- 0- 1/ 1,0.0%,0.0%,0.0%,0,0,0.0,16.0着,11.0人気,81.1,,,0,0.0%,0.0%,0.0%,73.50,12.25,58.78
370,マイネルセレクト, 0- 0- 0- 1/ 1,0.0%,0.0%,0.0%,0,0,0.0,14.0着,12.0人気,65.5,,,0,0.0%,0.0%,0.0%,72.30,12.05,59.75
371,ポリッシュパトリオット, 0- 0- 0- 1/ 1,0.0%,0.0%,0.0%,0,0,0.0,9.0着,12.0人気,128.3,,,0,0.0%,0.0%,0.0%,73.40,12.23,58.86
372,ホープフリーオン, 0- 0- 0- 1/ 1,0.0%,0.0%,0.0%,0,0,0.0,6.0着,4.0人気,7.8,,,0,0.0%,0.0%,0.0%,70.90,11.82,60.93
373,ペルセポリス2, 0- 0- 0- 1/ 1,0.0%,0.0%,0.0%,0,0,0.0,9.0着,5.0人気,17.9,,,0,0.0%,0.0%,0.0%,72.70,12.12,59.42
374,ベリフア, 0- 0- 0- 1/ 1,0.0%,0.0%,0.0%,0,0,0.0,9.0着,15.0人気,54.5,,,0,0.0%,0.0%,0.0%,71.10,11.85,60.76
375,ヘイセイシルバー, 0- 0- 0- 1/ 1,0.0%,0.0%,0.0%,0,0,0.0,16.0着,16.0人気,229.9,,,0,0.0%,0.0%,0.0%,73.80,12.30,58.54
376,フレイズ, 0- 0- 0- 1/ 1,0.0%,0.0%,0.0%,0,0,0.0,8.0着,10.0人気,79.6,,,0,0.0%,0.0%,0.0%,73.00,12.17,59.18
377,ブレイヴエストローマン, 0- 0- 0- 1/ 1,0.0%,0.0%,0.0%,0,0,0.0,10.0着,9.0人気,21.1,,,0,0.0%,0.0%,0.0%,73.40,12.23,58.86
378,プルラリズム, 0- 0- 0- 1/ 1,0.0%,0.0%,0.0%,0,0,0.0,8.0着,6.0人気,10.5,,,0,0.0%,0.0%,0.0%,71.50,11.92,60.42
379,プリンスオブバーズ, 0- 0- 0- 1/ 1,0.0%,0.0%,0.0%,0,0,0.0,9.0着,6.0人気,23.9,,,0,0.0%,0.0%,0.0%,74.20,12.37,58.22
380,フラツシユオブステイール, 0- 0- 0- 1/ 1,0.0%,0.0%,0.0%,0,0,0.0,8.0着,6.0人気,13.0,,,0,0.0%,0.0%,0.0%,70.90,11.82,60.93
381,ブラックホーク, 0- 0- 0- 1/ 1,0.0%,0.0%,0.0%,0,0,0.0,7.0着,9.0人気,33.3,,,0,0.0%,0.0%,0.0%,74.00,12.33,58.38
382,ブラックタキシード, 0- 0- 0- 1/ 1,0.0%,0.0%,0.0%,0,0,0.0,15.0着,15.0人気,348.9,,,0,0.0%,0.0%,0.0%,74.70,12.45,57.83
383,フサイチブライアン, 0- 0- 0- 1/ 1,0.0%,0.0%,0.0%,0,0,0.0,15.0着,10.0人気,97.5,,,0,0.0%,0.0%,0.0%,73.00,12.17,59.18
384,フェアジャッジメント, 0- 0- 0- 1/ 1,0.0%,0.0%,0.0%,0,0,0.0,8.0着,11.0人気,98.6,,,0,0.0%,0.0%,0.0%,74.00,12.33,58.38
385,ファンタスティックライト, 0- 0- 0- 1/ 1,0.0%,0.0%,0.0%,0,0,0.0,14.0着,16.0人気,241.1,,,0,0.0%,0.0%,0.0%,71.90,11.98,60.08
386,ハンセル, 0- 0- 0- 1/ 1,0.0%,0.0%,0.0%,0,0,0.0,16.0着,16.0人気,188.2,,,0,0.0%,0.0%,0.0%,76.50,12.75,56.47
387,パレスダンサー, 0- 0- 0- 1/ 1,0.0%,0.0%,0.0%,0,0,0.0,9.0着,8.0人気,66.4,,,0,0.0%,0.0%,0.0%,73.10,12.18,59.10
388,ハイブリツジスルー, 0- 0- 0- 1/ 1,0.0%,0.0%,0.0%,0,0,0.0,14.0着,16.0人気,115.2,,,0,0.0%,0.0%,0.0%,72.60,12.10,59.50
389,ハイアーゲーム, 0- 0- 0- 1/ 1,0.0%,0.0%,0.0%,0,0,0.0,15.0着,3.0人気,7.1,,,0,0.0%,0.0%,0.0%,70.80,11.80,61.02
390,ハートレイク, 0- 0- 0- 1/ 1,0.0%,0.0%,0.0%,0,0,0.0,8.0着,10.0人気,63.5,,,0,0.0%,0.0%,0.0%,72.10,12.02,59.92
391,ノボジャック, 0- 0- 0- 1/ 1,0.0%,0.0%,0.0%,0,0,0.0,7.0着,1.0人気,3.1,,,0,0.0%,0.0%,0.0%,70.90,11.82,60.93
392,ニューイングランド, 0- 0- 0- 1/ 1,0.0%,0.0%,0.0%,0,0,0.0,6.0着,8.0人気,49.6,,,0,0.0%,0.0%,0.0%,74.20,12.37,58.22
393,ニホンピロニール, 0- 0- 0- 1/ 1,0.0%,0.0%,0.0%,0,0,0.0,12.0着,13.0人気,120.0,,,0,0.0%,0.0%,0.0%,70.90,11.82,60.93
394,ニシノエトランゼ, 0- 0- 0- 1/ 1,0.0%,0.0%,0.0%,0,0,0.0,6.0着,5.0人気,14.7,,,0,0.0%,0.0%,0.0%,72.40,12.07,59.67
395,ナリタトップロード, 0- 0- 0- 1/ 1,0.0%,0.0%,0.0%,0,0,0.0,8.0着,1.0人気,2.2,,,0,0.0%,0.0%,0.0%,72.50,12.08,59.59
396,ナリタタイシン, 0- 0- 0- 1/ 1,0.0%,0.0%,0.0%,0,0,0.0,15.0着,10.0人気,46.4,,,0,0.0%,0.0%,0.0%,72.30,12.05,59.75
397,ナトルーン, 0- 0- 0- 1/ 1,0.0%,0.0%,0.0%,0,0,0.0,7.0着,3.0人気,9.0,,,0,0.0%,0.0%,0.0%,73.80,12.30,58.54
398,ナイスネイチャ, 0- 0- 0- 1/ 1,0.0%,0.0%,0.0%,0,0,0.0,13.0着,11.0人気,94.7,,,0,0.0%,0.0%,0.0%,73.60,12.27,58.70
399,ナイキゴージャス, 0- 0- 0- 1/ 1,0.0%,0.0%,0.0%,0,0,0.0,11.0着,12.0人気,116.2,,,0,0.0%,0.0%,0.0%,73.70,12.28,58.62
400,トロットサンダー, 0- 0- 0- 1/ 1,0.0%,0.0%,0.0%,0,0,0.0,11.0着,4.0人気,12.5,,,0,0.0%,0.0%,0.0%,71.70,11.95,60.25
401,トライマイベスト, 0- 0- 0- 1/ 1,0.0%,0.0%,0.0%,0,0,0.0,13.0着,15.0人気,318.9,,,0,0.0%,0.0%,0.0%,74.00,12.33,58.38
402,トウショウマリオ, 0- 0- 0- 1/ 1,0.0%,0.0%,0.0%,0,0,0.0,6.0着,8.0人気,254.7,,,0,0.0%,0.0%,0.0%,73.00,12.17,59.18
403,トウシヨウサミツト, 0- 0- 0- 1/ 1,0.0%,0.0%,0.0%,0,0,0.0,6.0着,5.0人気,19.3,,,0,0.0%,0.0%,0.0%,73.10,12.18,59.10
404,デヒア, 0- 0- 0- 1/ 1,0.0%,0.0%,0.0%,0,0,0.0,15.0着,13.0人気,215.2,,,0,0.0%,0.0%,0.0%,73.30,12.22,58.94
405,ディープスカイ, 0- 0- 0- 1/ 1,0.0%,0.0%,0.0%,0,0,0.0,13.0着,14.0人気,43.9,,,0,0.0%,0.0%,0.0%,70.40,11.73,61.36
406,チチカステナンゴ, 0- 0- 0- 1/ 1,0.0%,0.0%,0.0%,0,0,0.0,12.0着,12.0人気,68.2,,,0,0.0%,0.0%,0.0%,71.40,11.90,60.50
407,ダンツシアトル, 0- 0- 0- 1/ 1,0.0%,0.0%,0.0%,0,0,0.0,11.0着,6.0人気,17.7,,,0,0.0%,0.0%,0.0%,74.40,12.40,58.06
408,ダンスホール, 0- 0- 0- 1/ 1,0.0%,0.0%,0.0%,0,0,0.0,7.0着,14.0人気,171.6,,,0,0.0%,0.0%,0.0%,71.50,11.92,60.42
409,ダミスター, 0- 0- 0- 1/ 1,0.0%,0.0%,0.0%,0,0,0.0,10.0着,5.0人気,15.8,,,0,0.0%,0.0%,0.0%,73.50,12.25,58.78
410,ダイナサンキユー, 0- 0- 0- 1/ 1,0.0%,0.0%,0.0%,0,0,0.0,9.0着,4.0人気,16.8,,,0,0.0%,0.0%,0.0%,76.40,12.73,56.54
411,ダイナコスモス, 0- 0- 0- 1/ 1,0.0%,0.0%,0.0%,0,0,0.0,10.0着,12.0人気,45.9,,,0,0.0%,0.0%,0.0%,72.50,12.08,59.59
412,タイテエム, 0- 0- 0- 1/ 1,0.0%,0.0%,0.0%,0,0,0.0,7.0着,8.0人気,31.7,,,0,0.0%,0.0%,0.0%,71.40,11.90,60.50
413,ダイゼンシルバー, 0- 0- 0- 1/ 1,0.0%,0.0%,0.0%,0,0,0.0,11.0着,9.0人気,23.9,,,0,0.0%,0.0%,0.0%,74.10,12.35,58.30
414,ストームオンザルース, 0- 0- 0- 1/ 1,0.0%,0.0%,0.0%,0,0,0.0,7.0着,9.0人気,37.5,,,0,0.0%,0.0%,0.0%,73.10,12.18,59.10
415,ステートリードン, 0- 0- 0- 1/ 1,0.0%,0.0%,0.0%,0,0,0.0,8.0着,2.0人気,4.8,,,0,0.0%,0.0%,0.0%,74.90,12.48,57.68
416,ステイールハート, 0- 0- 0- 1/ 1,0.0%,0.0%,0.0%,0,0,0.0,16.0着,15.0人気,174.3,,,0,0.0%,0.0%,0.0%,75.50,12.58,57.22
417,スタチューオブリバティ, 0- 0- 0- 1/ 1,0.0%,0.0%,0.0%,0,0,0.0,6.0着,6.0人気,13.6,,,0,0.0%,0.0%,0.0%,69.80,11.63,61.89
418,スターリングローズ, 0- 0- 0- 1/ 1,0.0%,0.0%,0.0%,0,0,0.0,10.0着,8.0人気,18.6,,,0,0.0%,0.0%,0.0%,72.30,12.05,59.75
419,スターマン, 0- 0- 0- 1/ 1,0.0%,0.0%,0.0%,0,0,0.0,13.0着,10.0人気,101.0,,,0,0.0%,0.0%,0.0%,74.00,12.33,58.38
420,スズカマンボ, 0- 0- 0- 1/ 1,0.0%,0.0%,0.0%,0,0,0.0,9.0着,11.0人気,191.5,,,0,0.0%,0.0%,0.0%,72.10,12.02,59.92
421,スズカコバン, 0- 0- 0- 1/ 1,0.0%,0.0%,0.0%,0,0,0.0,12.0着,13.0人気,214.8,,,0,0.0%,0.0%,0.0%,74.00,12.33,58.38
422,シンコウキング, 0- 0- 0- 1/ 1,0.0%,0.0%,0.0%,0,0,0.0,8.0着,10.0人気,41.6,,,0,0.0%,0.0%,0.0%,71.90,11.98,60.08
423,シルバーチャーム, 0- 0- 0- 1/ 1,0.0%,0.0%,0.0%,0,0,0.0,9.0着,7.0人気,59.9,,,0,0.0%,0.0%,0.0%,72.60,12.10,59.50
424,シャルード, 0- 0- 0- 1/ 1,0.0%,0.0%,0.0%,0,0,0.0,6.0着,8.0人気,15.9,,,0,0.0%,0.0%,0.0%,72.40,12.07,59.67
425,シェリフズスター, 0- 0- 0- 1/ 1,0.0%,0.0%,0.0%,0,0,0.0,16.0着,10.0人気,36.7,,,0,0.0%,0.0%,0.0%,76.00,12.67,56.84
426,シアトルダンサー2, 0- 0- 0- 1/ 1,0.0%,0.0%,0.0%,0,0,0.0,9.0着,9.0人気,94.3,,,0,0.0%,0.0%,0.0%,73.60,12.27,58.70
427,サンシャインフォーエヴァー, 0- 0- 0- 1/ 1,0.0%,0.0%,0.0%,0,0,0.0,11.0着,11.0人気,84.0,,,0,0.0%,0.0%,0.0%,72.80,12.13,59.34
428,サブミーカー, 0- 0- 0- 1/ 1,0.0%,0.0%,0.0%,0,0,0.0,9.0着,8.0人気,17.6,,,0,0.0%,0.0%,0.0%,71.40,11.90,60.50
429,サクラケイザンオー, 0- 0- 0- 1/ 1,0.0%,0.0%,0.0%,0,0,0.0,11.0着,7.0人気,17.5,,,0,0.0%,0.0%,0.0%,72.60,12.10,59.50
430,サイレントハンター, 0- 0- 0- 1/ 1,0.0%,0.0%,0.0%,0,0,0.0,7.0着,7.0人気,18.2,,,0,0.0%,0.0%,0.0%,72.10,12.02,59.92
431,コリムスキー, 0- 0- 0- 1/ 1,0.0%,0.0%,0.0%,0,0,0.0,14.0着,14.0人気,123.8,,,0,0.0%,0.0%,0.0%,74.20,12.37,58.22
432,コタシャーン, 0- 0- 0- 1/ 1,0.0%,0.0%,0.0%,0,0,0.0,9.0着,7.0人気,43.3,,,0,0.0%,0.0%,0.0%,74.80,12.47,57.75
433,クリミナルタイプ, 0- 0- 0- 1/ 1,0.0%,0.0%,0.0%,0,0,0.0,16.0着,14.0人気,175.5,,,0,0.0%,0.0%,0.0%,75.80,12.63,56.99
434,グランパズドリーム, 0- 0- 0- 1/ 1,0.0%,0.0%,0.0%,0,0,0.0,8.0着,2.0人気,3.9,,,0,0.0%,0.0%,0.0%,75.20,12.53,57.45
435,カンパラ, 0- 0- 0- 1/ 1,0.0%,0.0%,0.0%,0,0,0.0,15.0着,16.0人気,254.5,,,0,0.0%,0.0%,0.0%,74.60,12.43,57.91
436,カツラギエース, 0- 0- 0- 1/ 1,0.0%,0.0%,0.0%,0,0,0.0,7.0着,7.0人気,60.8,,,0,0.0%,0.0%,0.0%,75.20,12.53,57.45
437,カツテイングブレード, 0- 0- 0- 1/ 1,0.0%,0.0%,0.0%,0,0,0.0,8.0着,5.0人気,17.1,,,0,0.0%,0.0%,0.0%,72.20,12.03,59.83
438,カジノドライヴ, 0- 0- 0- 1/ 1,0.0%,0.0%,0.0%,0,0,0.0,15.0着,14.0人気,148.2,,,0,0.0%,0.0%,0.0%,73.80,12.30,58.54
439,オグリキャップ, 0- 0- 0- 1/ 1,0.0%,0.0%,0.0%,0,0,0.0,12.0着,7.0人気,49.7,,,0,0.0%,0.0%,0.0%,74.00,12.33,58.38
440,オウインスパイアリング, 0- 0- 0- 1/ 1,0.0%,0.0%,0.0%,0,0,0.0,12.0着,11.0人気,70.8,,,0,0.0%,0.0%,0.0%,72.60,12.10,59.50
441,エルハーブ, 0- 0- 0- 1/ 1,0.0%,0.0%,0.0%,0,0,0.0,14.0着,7.0人気,21.4,,,0,0.0%,0.0%,0.0%,71.60,11.93,60.34
442,ウィナーズサークル, 0- 0- 0- 1/ 1,0.0%,0.0%,0.0%,0,0,0.0,12.0着,13.0人気,75.4,,,0,0.0%,0.0%,0.0%,73.00,12.17,59.18
443,ヴィクトワールピサ, 0- 0- 0- 1/ 1,0.0%,0.0%,0.0%,0,0,0.0,14.0着,10.0人気,57.8,,,0,0.0%,0.0%,0.0%,72.50,12.08,59.59
444,ヴァレンティ, 0- 0- 0- 1/ 1,0.0%,0.0%,0.0%,0,0,0.0,9.0着,10.0人気,22.9,,,0,0.0%,0.0%,0.0%,73.50,12.25,58.78
445,インイクストリーミス, 0- 0- 0- 1/ 1,0.0%,0.0%,0.0%,0,0,0.0,8.0着,2.0人気,4.1,,,0,0.0%,0.0%,0.0%,73.10,12.18,59.10
446,イナリワン, 0- 0- 0- 1/ 1,0.0%,0.0%,0.0%,0,0,0.0,11.0着,16.0人気,256.1,,,0,0.0%,0.0%,0.0%,72.70,12.12,59.42
447,アンライバルド, 0- 0- 0- 1/ 1,0.0%,0.0%,0.0%,0,0,0.0,7.0着,14.0人気,253.9,,,0,0.0%,0.0%,0.0%,70.90,11.82,60.93
448,アントレプレナー, 0- 0- 0- 1/ 1,0.0%,0.0%,0.0%,0,0,0.0,6.0着,12.0人気,476.0,,,0,0.0%,0.0%,0.0%,73.60,12.27,58.70
449,アルデバラン2, 0- 0- 0- 1/ 1,0.0%,0.0%,0.0%,0,0,0.0,15.0着,14.0人気,172.2,,,0,0.0%,0.0%,0.0%,72.20,12.03,59.83
450,アルカセット, 0- 0- 0- 1/ 1,0.0%,0.0%,0.0%,0,0,0.0,7.0着,7.0人気,24.3,,,0,0.0%,0.0%,0.0%,74.20,12.37,58.22
451,アラジ, 0- 0- 0- 1/ 1,0.0%,0.0%,0.0%,0,0,0.0,10.0着,12.0人気,161.1,,,0,0.0%,0.0%,0.0%,73.10,12.18,59.10
452,アマジックマン, 0- 0- 0- 1/ 1,0.0%,0.0%,0.0%,0,0,0.0,7.0着,8.0人気,21.4,,,0,0.0%,0.0%,0.0%,72.60,12.10,59.50
453,アズマイースト, 0- 0- 0- 1/ 1,0.0%,0.0%,0.0%,0,0,0.0,13.0着,15.0人気,228.8,,,0,0.0%,0.0%,0.0%,71.80,11.97,60.17
454,アイネスフウジン, 0- 0- 0- 1/ 1,0.0%,0.0%,0.0%,0,0,0.0,11.0着,16.0人気,194.7,,,0,0.0%,0.0%,0.0%,73.10,12.18,59.10
455,Zafonic, 0- 0- 0- 1/ 1,0.0%,0.0%,0.0%,0,0,0.0,8.0着,8.0人気,51.2,,,0,0.0%,0.0%,0.0%,72.30,12.05,59.75
456,Wolfhound, 0- 0- 0- 1/ 1,0.0%,0.0%,0.0%,0,0,0.0,8.0着,3.0人気,5.7,,,0,0.0%,0.0%,0.0%,73.10,12.18,59.10
457,Theatrical, 0- 0- 0- 1/ 1,0.0%,0.0%,0.0%,0,0,0.0,10.0着,5.0人気,9.1,,,0,0.0%,0.0%,0.0%,73.50,12.25,58.78
458,Thatching, 0- 0- 0- 1/ 1,0.0%,0.0%,0.0%,0,0,0.0,8.0着,3.0人気,5.0,,,0,0.0%,0.0%,0.0%,72.10,12.02,59.92
459,"Sword Dance", 0- 0- 0- 1/ 1,0.0%,0.0%,0.0%,0,0,0.0,9.0着,4.0人気,18.3,,,0,0.0%,0.0%,0.0%,73.00,12.17,59.18
460,Shadeed, 0- 0- 0- 1/ 1,0.0%,0.0%,0.0%,0,0,0.0,8.0着,1.0人気,4.3,,,0,0.0%,0.0%,0.0%,73.20,12.20,59.02
461,"Red Ransom", 0- 0- 0- 1/ 1,0.0%,0.0%,0.0%,0,0,0.0,10.0着,4.0人気,7.6,,,0,0.0%,0.0%,0.0%,73.30,12.22,58.94
462,"Proud Citizen", 0- 0- 0- 1/ 1,0.0%,0.0%,0.0%,0,0,0.0,6.0着,3.0人気,7.4,,,0,0.0%,0.0%,0.0%,70.30,11.72,61.45
463,"Polish Precedent", 0- 0- 0- 1/ 1,0.0%,0.0%,0.0%,0,0,0.0,8.0着,11.0人気,34.2,,,0,0.0%,0.0%,0.0%,72.60,12.10,59.50
464,"Polar Falcon", 0- 0- 0- 1/ 1,0.0%,0.0%,0.0%,0,0,0.0,8.0着,5.0人気,14.6,,,0,0.0%,0.0%,0.0%,71.50,11.92,60.42
465,Nureyev, 0- 0- 0- 1/ 1,0.0%,0.0%,0.0%,0,0,0.0,8.0着,8.0人気,29.6,,,0,0.0%,0.0%,0.0%,71.90,11.98,60.08
466,"Mountain Cat", 0- 0- 0- 1/ 1,0.0%,0.0%,0.0%,0,0,0.0,12.0着,8.0人気,31.2,,,0,0.0%,0.0%,0.0%,72.60,12.10,59.50
467,"Mizzen Mast", 0- 0- 0- 1/ 1,0.0%,0.0%,0.0%,0,0,0.0,9.0着,7.0人気,14.1,,,0,0.0%,0.0%,0.0%,71.20,11.87,60.67
468,Medicean, 0- 0- 0- 1/ 1,0.0%,0.0%,0.0%,0,0,0.0,8.0着,7.0人気,32.7,,,0,0.0%,0.0%,0.0%,71.40,11.90,60.50
469,Meadowlake, 0- 0- 0- 1/ 1,0.0%,0.0%,0.0%,0,0,0.0,14.0着,3.0人気,7.3,,,0,0.0%,0.0%,0.0%,74.20,12.37,58.22
470,Manduro, 0- 0- 0- 1/ 1,0.0%,0.0%,0.0%,0,0,0.0,6.0着,10.0人気,27.6,,,0,0.0%,0.0%,0.0%,71.30,11.88,60.59
471,Kingmambo, 0- 0- 0- 1/ 1,0.0%,0.0%,0.0%,0,0,0.0,15.0着,13.0人気,61.8,,,0,0.0%,0.0%,0.0%,72.90,12.15,59.26
472,"King of Kings", 0- 0- 0- 1/ 1,0.0%,0.0%,0.0%,0,0,0.0,7.0着,8.0人気,35.7,,,0,0.0%,0.0%,0.0%,73.40,12.23,58.86
473,"Irish River", 0- 0- 0- 1/ 1,0.0%,0.0%,0.0%,0,0,0.0,11.0着,12.0人気,83.8,,,0,0.0%,0.0%,0.0%,74.00,12.33,58.38
474,"Honour and Glory", 0- 0- 0- 1/ 1,0.0%,0.0%,0.0%,0,0,0.0,12.0着,2.0人気,4.6,,,0,0.0%,0.0%,0.0%,74.70,12.45,57.83
475,Hennessy, 0- 0- 0- 1/ 1,0.0%,0.0%,0.0%,0,0,0.0,12.0着,12.0人気,249.8,,,0,0.0%,0.0%,0.0%,75.40,12.57,57.29
476,"Forty Niner", 0- 0- 0- 1/ 1,0.0%,0.0%,0.0%,0,0,0.0,7.0着,8.0人気,43.5,,,0,0.0%,0.0%,0.0%,71.80,11.97,60.17
477,"El Prado", 0- 0- 0- 1/ 1,0.0%,0.0%,0.0%,0,0,0.0,12.0着,9.0人気,19.0,,,0,0.0%,0.0%,0.0%,71.50,11.92,60.42
478,"Eastern Echo", 0- 0- 0- 1/ 1,0.0%,0.0%,0.0%,0,0,0.0,6.0着,11.0人気,57.0,,,0,0.0%,0.0%,0.0%,71.60,11.93,60.34
479,"Deputy Commander", 0- 0- 0- 1/ 1,0.0%,0.0%,0.0%,0,0,0.0,10.0着,8.0人気,19.6,,,0,0.0%,0.0%,0.0%,72.20,12.03,59.83
480,Darshaan, 0- 0- 0- 1/ 1,0.0%,0.0%,0.0%,0,0,0.0,14.0着,9.0人気,28.5,,,0,0.0%,0.0%,0.0%,73.90,12.32,58.46
481,"Cure the Blues", 0- 0- 0- 1/ 1,0.0%,0.0%,0.0%,0,0,0.0,15.0着,13.0人気,68.5,,,0,0.0%,0.0%,0.0%,72.60,12.10,59.50
482,"Cherokee Run", 0- 0- 0- 1/ 1,0.0%,0.0%,0.0%,0,0,0.0,16.0着,12.0人気,35.0,,,0,0.0%,0.0%,0.0%,73.30,12.22,58.94
483,"Black Tie Affair", 0- 0- 0- 1/ 1,0.0%,0.0%,0.0%,0,0,0.0,13.0着,15.0人気,529.6,,,0,0.0%,0.0%,0.0%,74.40,12.40,58.06
484,Astronef, 0- 0- 0- 1/ 1,0.0%,0.0%,0.0%,0,0,0.0,15.0着,7.0人気,13.6,,,0,0.0%,0.0%,0.0%,75.20,12.53,57.45
485,"Arctic Tern", 0- 0- 0- 1/ 1,0.0%,0.0%,0.0%,0,0,0.0,10.0着,10.0人気,22.7,,,0,0.0%,0.0%,0.0%,71.50,11.92,60.42
486,Afleet, 0- 0- 0- 1/ 1,0.0%,0.0%,0.0%,0,0,0.0,13.0着,1.0人気,3.0,,,0,0.0%,0.0%,0.0%,72.50,12.08,59.59
