2018090909040201,0,9,7,,," ",0,11,,,,,0,,0,20,0,446.3,0.0,0.0,0.0,0.0,0.0,0.0,0.0,446.3,446.3,446.3,446.3,0,0,0,0,0,0,0,0,0,0,0,0,0,0,0,0,0,0,0,0,0,0,0,0,0,0,0,0,0,0,0,0,0,0,0,0,0,0,0,0,0,0,0,0,0,0,0,0,,,,,19.3,0,42.0,0,4.0,0,60.5,0,82.2,0,111.5,0,3.8,0,10.3,0,2.1,0,0.0,0,0.0,0,0.0,0,0.0,0,0.0,0,0.0,0,0.0,0,0.0,0,0.0,0,12,0,6,5,6,7,1,1339.8,,,0,0,6,5,6,8,1,1624.8,,,0,0,6,5,6,9,1,933.0,,,0,0,6,5,7,8,1,260.3,,,0,0,6,5,7,9,1,73.1,,,0,0,6,5,8,9,1,186.7,,,0,0,6,6,7,8,1,439.0,,,0,0,6,6,7,9,1,111.6,,,0,0,6,6,8,9,1,312.7,,,0,0,6,7,8,9,1,8.9,,,0,0,4,5,9,0,5,23.4,,,0,0,4,6,9,0,5,34.2,,,0
2018090909040202,0,9,7,,," ",0,11,,,,,0,,0,12,0,113.2,0.0,0.0,0.0,0.0,0.0,0.0,0.0,113.2,113.2,113.2,113.2,0,0,0,0,0,0,0,0,0,0,0,0,0,0,0,0,0,0,0,0,0,0,0,0,0,0,0,0,0,0,0,0,0,0,0,0,0,0,0,0,0,0,0,0,0,0,0,0,,,,,0.0,0,0.0,0,0.0,0,0.0,0,0.0,0,0.0,0,0.0,0,0.0,0,0.0,0,0.0,0,0.0,0,0.0,0,0.0,0,0.0,0,0.0,0,0.0,0,0.0,0,0.0,0,4,0,4,1,3,0,3,12.6,,,0,0,4,3,7,0,3,9.5,,,0,0,4,3,8,0,3,2.1,,,0,0,1,1,0,0,3,4.5,,,0
2018090909040203,0,16,7,,," ",0,12,,,,,0,,0,10,0,228.1,0.0,0.0,0.0,0.0,0.0,0.0,0.0,228.1,228.1,228.1,228.1,0,0,0,0,0,0,0,0,0,0,0,0,0,0,0,0,0,0,0,0,0,0,0,0,0,0,0,0,0,0,0,0,0,0,0,0,0,0,0,0,0,0,0,0,0,0,0,0,,,,,0.0,0,0.0,0,0.0,0,0.0,0,0.0,0,0.0,0,0.0,0,0.0,0,0.0,0,0.0,0,0.0,0,0.0,0,0.0,0,0.0,0,0.0,0,0.0,0,0.0,0,0.0,0,7,0,5,5,2,0,1,6.3,,,0,0,5,5,4,0,1,290.5,,,0,0,5,5,7,0,1,10.3,,,0,0,5,5,13,0,1,61.6,,,0,0,5,5,14,0,1,31.4,,,0,0,5,5,16,0,1,10.4,,,0,0,1,4,0,0,4,28.7,,,0
2018090906040204,0,14,15,,," ",0,11,,,,,0,,0,10,0,250.0,0.0,0.0,0.0,0.0,0.0,0.0,0.0,250.0,250.0,250.0,250.0,0,0,0,0,0,0,0,0,0,0,0,0,0,0,0,0,0,0,0,0,0,0,0,0,0,0,0,0,0,0,0,0,0,0,0,0,0,0,0,0,0,0,0,0,0,0,0,0,,,,,0.0,0,0.0,0,0.0,0,0.0,0,0.0,0,0.0,0,0.0,0,0.0,0,0.0,0,0.0,0,0.0,0,0.0,0,0.0,0,0.0,0,0.0,0,0.0,0,0.0,0,0.0,0,1,0,72,1,0,0,1,2.5,,000000001010000100110000,10
2018091609040404,0,16,7,,," ",0,12,,,,,0,,0,17,0,16480.0,1183.8,0.0,0.0,0.0,0.0,0.0,0.0,1104.5,1104.5,1104.5,15087.9,0,0,0,0,0,0,0,0,0,0,0,0,0,0,0,0,0,0,0,0,0,0,0,0,0,0,0,0,0,0,0,0,0,0,0,0,0,0,0,0,0,0,0,0,0,0,0,0,,,,,0.0,0,0.0,0,0.0,0,0.0,0,0.0,0,0.0,0,0.0,0,0.0,0,0.0,0,0.0,0,0.0,0,0.0,0,0.0,0,0.0,0,0.0,0,0.0,0,0.0,0,0.0,0,4,0,82,1,0,0,1,164.8,,000000000000010100010000,6,1,3,1,5,0,1,501.1,,,0,1,3,3,5,0,6,19.1,,,0,1,3,4,5,0,4,33.2,,,0
2018091606040404,0,16,7,,," ",0,12,,,,,0,,0,60,0,610.0,0.0,0.0,0.0,0.0,0.0,0.0,0.0,610.0,610.0,610.0,610.0,0,0,0,0,0,0,0,0,0,0,0,0,0,0,0,0,0,0,0,0,0,0,0,0,0,0,0,0,0,0,0,0,0,0,0,0,0,0,0,0,0,0,0,0,0,0,0,0,,,,,91.9,0,19.9,0,38.2,0,3.6,0,7.4,0,35.6,0,18.7,0,241.0,0,480.1,0,4.5,0,7.4,0,140.7,0,17.0,0,352.8,0,12.3,0,6.0,0,0.0,0,0.0,0,1,0,82,1,0,0,1,6.1,,000000010110000010100000,60
2018091609040405,0,9,15,,," ",0,11,,,,,0,,0,12,0,402.9,0.0,0.0,0.0,0.0,0.0,0.0,0.0,402.9,402.9,402.9,402.9,0,0,0,0,0,0,0,0,0,0,0,0,0,0,0,0,0,0,0,0,0,0,0,0,0,0,0,0,0,0,0,0,0,0,0,0,0,0,0,0,0,0,0,0,0,0,0,0,,,,,12.0,0,2.9,0,263.5,0,8.8,0,95.0,0,279.0,0,9.8,0,49.5,0,1.9,0,0.0,0,0.0,0,0.0,0,0.0,0,0.0,0,0.0,0,0.0,0,0.0,0,0.0,0,12,0,7,2,4,9,1,35.3,,,0,0,7,2,6,9,1,1178.7,,,0,0,7,2,9,4,1,17.2,,,0,0,7,2,9,6,1,297.2,,,0,0,7,4,2,9,1,47.3,,,0,0,7,4,9,2,1,37.7,,,0,0,7,6,2,9,1,2741.5,,,0,0,7,6,9,2,1,2561.7,,,0,0,7,9,2,4,1,15.7,,,0,0,7,9,2,6,1,287.1,,,0,0,7,9,4,2,1,24.4,,,0,0,7,9,6,2,1,1037.8,,,0
2018091606040405,0,13,15,,," ",0,11,,,,,0,,0,31,0,279.8,0.0,0.0,0.0,0.0,0.0,0.0,0.0,279.8,279.8,279.8,279.8,0,0,0,0,0,0,0,0,0,0,0,0,0,0,0,0,0,0,0,0,0,0,0,0,0,0,0,0,0,0,0,0,0,0,0,0,0,0,0,0,0,0,0,0,0,0,0,0,,,,,107.4,0,49.9,0,3.5,0,5.7,0,29.1,0,37.8,0,14.7,0,55.8,0,4.0,0,25.9,0,52.4,0,4.1,0,202.8,0,0.0,0,0.0,0,0.0,0,0.0,0,0.0,0,8,0,0,4,0,0,14,5.7,,,0,0,3,4,8,0,1,130.4,,,0,0,3,4,10,0,2,44.4,,,0,0,3,4,12,0,7,11.4,,,0,0,4,4,8,0,3,27.8,,,0,0,6,4,8,10,1,373.1,,,0,0,6,4,8,12,1,156.9,,,0,0,6,4,10,12,2,52.4,,,0
2018091609040406,0,16,23,,," ",0,13,,,,,0,,0,34,0,515.3,0.0,0.0,0.0,0.0,0.0,0.0,0.0,515.3,515.3,515.3,515.3,0,0,0,0,0,0,0,0,0,0,0,0,0,0,0,0,0,0,0,0,0,0,0,0,0,0,0,0,0,0,0,0,0,0,0,0,0,0,0,0,0,0,0,0,0,0,0,0,,,,,6.4,0,44.3,0,7.0,0,6.9,0,14.6,0,121.2,0,193.8,0,69.8,0,51.9,0,4.8,0,27.5,0,18.6,0,63.3,0,3.4,0,29.4,0,26.2,0,0.0,0,0.0,0,13,0,3,3,4,0,6,22.8,,,0,0,3,4,9,0,1,217.4,,,0,0,3,4,12,0,3,64.0,,,0,0,3,4,16,0,2,120.3,,,0,0,4,4,9,0,3,51.3,,,0,0,4,4,12,0,8,18.2,,,0,0,4,4,16,0,5,34.3,,,0,0,6,3,4,9,1,436.9,,,0,0,6,3,4,12,1,135.9,,,0,0,6,3,4,16,1,214.3,,,0,0,6,4,9,12,1,668.6,,,0,0,6,4,9,16,1,1843.4,,,0,0,6,4,12,16,1,583.6,,,0
2018091606040406,0,16,7,,," ",0,12,,,,,0,,0,36,0,332.6,1297.9,0.0,0.0,0.0,0.0,0.0,0.0,264.7,264.7,264.7,306.9,0,0,0,0,0,0,0,0,0,0,0,0,0,0,0,0,0,0,0,0,0,0,0,0,0,0,0,0,0,0,0,0,0,0,0,0,0,0,0,0,0,0,0,0,0,0,0,0,,,,,82.8,0,354.6,0,3.7,0,5.2,0,224.7,0,7.0,0,234.8,0,20.7,0,344.8,0,16.3,0,286.7,0,17.9,0,6.8,0,284.9,0,89.1,0,3.3,0,0.0,0,0.0,0,18,1,7,3,13,16,1,94.6,,,0,1,7,3,16,13,1,65.1,,,0,1,7,13,3,16,1,109.0,,,0,1,7,13,16,3,1,97.8,,,0,1,7,16,3,13,1,55.1,,,0,1,7,16,13,3,1,73.7,,,0,0,1,1,0,0,8,11.1,,,0,0,1,11,0,0,3,37.6,,,0,0,4,1,8,0,1,90.1,,,0,0,4,1,11,0,1,402.9,,,0,0,4,1,16,0,2,35.8,,,0,0,4,8,11,0,1,342.1,,,0,0,4,8,16,0,9,7.7,,,0,0,4,11,16,0,1,144.2,,,0,0,6,1,8,11,1,14577.1,,,0,0,6,1,8,16,1,467.7,,,0,0,6,1,11,16,1,5537.0,,,0,0,6,8,11,16,1,2635.7,,,0
2018091609040407,0,13,23,,," ",0,13,,,,,0,,0,16,0,731.9,0.0,0.0,0.0,0.0,0.0,0.0,0.0,731.9,731.9,731.9,731.9,0,0,0,0,0,0,0,0,0,0,0,0,0,0,0,0,0,0,0,0,0,0,0,0,0,0,0,0,0,0,0,0,0,0,0,0,0,0,0,0,0,0,0,0,0,0,0,0,,,,,114.0,0,26.2,0,15.1,0,1.2,0,22.8,0,166.3,0,50.6,0,277.3,0,78.7,0,21.6,0,92.7,0,11.1,0,7.4,0,0.0,0,0.0,0,0.0,0,0.0,0,0.0,0,10,0,3,1,4,0,2,55.7,,,0,0,3,2,4,0,5,13.6,,,0,0,3,4,8,0,1,130.4,,,0,0,6,1,2,4,1,192.4,,,0,0,6,1,4,8,1,1376.8,,,0,0,6,1,4,11,1,648.3,,,0,0,6,2,4,8,1,677.1,,,0,0,6,2,4,11,1,248.1,,,0,0,6,4,8,11,1,1559.4,,,0,0,3,4,11,0,2,41.9,,,0
2018091606040407,0,11,23,,," ",0,13,,,,,0,,0,61,0,275.9,0.0,0.0,0.0,0.0,0.0,0.0,0.0,275.9,275.9,275.9,275.9,0,0,0,0,0,0,0,0,0,0,0,0,0,0,0,0,0,0,0,0,0,0,0,0,0,0,0,0,0,0,0,0,0,0,0,0,0,0,0,0,0,0,0,0,0,0,0,0,,,,,5.2,0,41.9,0,5.5,0,12.7,0,63.6,0,49.0,0,11.7,0,284.6,0,78.9,0,1.9,0,8.3,0,0.0,0,0.0,0,0.0,0,0.0,0,0.0,0,0.0,0,0.0,0,5,0,6,1,3,7,4,38.5,,,0,0,6,1,3,10,28,5.9,,,0,0,6,1,7,10,10,16.2,,,0,0,6,3,7,10,13,12.9,,,0,0,1,8,0,0,6,36.0,,,0
2018091609040408,0,15,23,,," ",0,13,,,,,0,,0,38,0,247.4,0.0,0.0,0.0,0.0,0.0,0.0,0.0,247.4,247.4,247.4,247.4,0,0,0,0,0,0,0,0,0,0,0,0,0,0,0,0,0,0,0,0,0,0,0,0,0,0,0,0,0,0,0,0,0,0,0,0,0,0,0,0,0,0,0,0,0,0,0,0,,,,,100.6,0,4.7,0,86.2,0,6.7,0,359.1,0,24.1,0,12.8,0,24.6,0,1.7,0,13.9,0,189.2,0,34.7,0,354.5,0,77.1,0,197.1,0,0.0,0,0.0,0,0.0,0,10,0,3,1,9,0,1,105.5,,,0,0,3,4,9,0,12,7.4,,,0,0,3,5,9,0,1,384.1,,,0,0,3,7,9,0,9,9.4,,,0,0,3,9,11,0,1,235.2,,,0,0,3,9,14,0,2,58.9,,,0,0,4,1,9,0,4,22.0,,,0,0,4,5,9,0,1,112.9,,,0,0,4,9,11,0,2,55.9,,,0,0,4,9,14,0,5,17.5,,,0
2018091606040408,0,12,23,,," ",0,13,,,,,0,,0,20,0,132.5,0.0,0.0,0.0,0.0,0.0,0.0,0.0,132.5,132.5,132.5,132.5,0,0,0,0,0,0,0,0,0,0,0,0,0,0,0,0,0,0,0,0,0,0,0,0,0,0,0,0,0,0,0,0,0,0,0,0,0,0,0,0,0,0,0,0,0,0,0,0,,,,,0.0,0,0.0,0,0.0,0,0.0,0,0.0,0,0.0,0,0.0,0,0.0,0,0.0,0,0.0,0,0.0,0,0.0,0,0.0,0,0.0,0,0.0,0,0.0,0,0.0,0,0.0,0,2,0,1,6,0,0,10,1.6,,,0,0,1,11,0,0,10,7.7,,,0
2018091609040409,0,16,43,,,E,0,13,,,,,0,,0,33,0,289.8,0.0,0.0,0.0,0.0,0.0,0.0,0.0,289.8,289.8,289.8,289.8,0,0,0,0,0,0,0,0,0,0,0,0,0,0,0,0,0,0,0,0,0,0,0,0,0,0,0,0,0,0,0,0,0,0,0,0,0,0,0,0,0,0,0,0,0,0,0,0,,,,,0.0,0,0.0,0,0.0,0,0.0,0,0.0,0,0.0,0,0.0,0,0.0,0,0.0,0,0.0,0,0.0,0,0.0,0,0.0,0,0.0,0,0.0,0,0.0,0,0.0,0,0.0,0,10,0,6,1,2,5,11,7.6,,,0,0,6,1,2,9,3,34.5,,,0,0,6,1,2,10,3,33.2,,,0,0,6,1,5,9,2,50.6,,,0,0,6,1,5,10,2,67.9,,,0,0,6,1,9,10,1,182.0,,,0,0,6,2,5,9,4,20.7,,,0,0,6,2,5,10,4,22.4,,,0,0,6,2,9,10,2,75.5,,,0,0,6,5,9,10,1,122.8,,,0
2018091606040409,0,13,23,,,E,0,13,,,,,589,,0,154,2356,164.3,0.0,0.0,0.0,0.0,0.0,0.0,0.0,164.3,164.3,164.3,164.3,1192,0,0,9,8,5,10,4,0,0,0,0,18,0,0,12,47,24,0,0,245,0,0,249,0,0,88,42,294,0,0,0,0,312,0,0,0,0,0,589,0,0,1871,0,0,0,0,0,,,,,69.7,0,34.0,0,8.8,0,5.4,0,11.0,0,93.6,0,10.4,0,31.2,0,1.8,0,16.4,0,23.6,0,133.9,0,69.8,0,0.0,0,0.0,0,0.0,0,0.0,0,0.0,0,21,0,6,3,4,9,21,11.8,,,0,0,6,3,5,9,12,18.4,,,0,0,6,3,6,9,3,120.3,,,0,0,6,3,7,9,13,21.5,,,0,0,6,3,8,9,5,54.7,,,0,0,6,3,9,11,7,34.0,,,0,0,6,4,5,9,15,13.0,,,0,0,6,4,6,9,3,95.3,,,0,0,6,4,7,9,17,15.9,,,0,0,6,4,8,9,7,36.5,,,0,0,6,4,9,11,9,28.9,,,0,0,6,5,6,9,2,120.5,,,0,0,6,5,7,9,10,27.6,,,0,0,6,5,8,9,4,58.9,,,0,0,6,5,9,11,6,38.2,,,0,0,6,6,7,9,2,187.1,,,0,0,6,6,8,9,1,335.7,,,0,0,6,6,9,11,2,181.8,,,0,0,6,7,8,9,5,55.3,,,0,0,6,7,9,11,7,38.8,,,0,0,6,8,9,11,3,106.1,,,0
2018091609040410,0,9,43,,,E,0,13,,,,,0,,0,55,0,486.5,0.0,0.0,0.0,0.0,0.0,0.0,0.0,486.5,486.5,486.5,486.5,0,0,0,0,0,0,0,0,0,0,0,0,0,0,0,0,0,0,0,0,0,0,0,0,0,0,0,0,0,0,0,0,0,0,0,0,0,0,0,0,0,0,0,0,0,0,0,0,,,,,12.5,0,36.0,0,4.5,0,7.1,0,2.6,0,3.3,0,12.7,0,51.3,0,176.4,0,0.0,0,0.0,0,0.0,0,0.0,0,0.0,0,0.0,0,0.0,0,0.0,0,0.0,0,6,0,6,1,2,4,1,282.5,,,0,0,6,1,4,5,10,28.3,,,0,0,6,1,4,6,6,46.4,,,0,0,6,2,4,5,3,88.5,,,0,0,6,2,4,6,3,113.2,,,0,0,6,4,5,6,32,8.0,,,0
2018091606040410,0,13,43,,,E,0,13,,,,,0,,0,25,0,1202.1,0.0,0.0,0.0,0.0,0.0,0.0,0.0,1202.1,1202.1,1202.1,1202.1,0,0,0,0,0,0,0,0,0,0,0,0,0,0,0,0,0,0,0,0,0,0,0,0,0,0,0,0,0,0,0,0,0,0,0,0,0,0,0,0,0,0,0,0,0,0,0,0,,,,,5.9,0,24.8,0,12.4,0,6.3,0,2.6,0,38.9,0,13.9,0,27.3,0,140.4,0,20.3,0,4.6,0,67.8,0,87.1,0,0.0,0,0.0,0,0.0,0,0.0,0,0.0,0,10,0,6,3,5,9,1,793.7,,,0,0,6,3,5,10,3,86.5,,,0,0,6,3,5,11,13,18.0,,,0,0,6,3,5,12,1,385.8,,,0,0,6,3,9,10,1,2540.7,,,0,0,6,3,9,11,1,934.6,,,0,0,6,3,9,12,1,7200.8,,,0,0,6,3,10,11,2,122.5,,,0,0,6,3,10,12,1,2020.0,,,0,0,6,3,11,12,1,511.1,,,0
2018091609040411,0,15,179,,,B,0,12,,,,,0,,0,104,0,315.5,0.0,0.0,0.0,0.0,0.0,0.0,0.0,315.5,315.5,315.5,315.5,0,0,0,0,0,0,0,0,0,0,0,0,0,0,0,0,0,0,0,0,0,0,0,0,0,0,0,0,0,0,0,0,0,0,0,0,0,0,0,0,0,0,0,0,0,0,0,0,,,,,52.1,0,40.7,0,83.6,0,84.8,0,4.2,0,7.9,0,8.4,0,3.0,0,102.3,0,32.5,0,12.0,0,16.8,0,9.9,0,11.4,0,193.2,0,0.0,0,0.0,0,0.0,0,78,0,6,1,3,14,1,3059.0,,,0,0,6,1,4,14,1,2704.7,,,0,0,6,1,5,14,1,274.9,,,0,0,6,1,6,14,1,554.0,,,0,0,6,1,7,14,1,366.7,,,0,0,6,1,8,14,1,227.5,,,0,0,6,1,9,14,1,4474.6,,,0,0,6,1,10,14,1,1776.9,,,0,0,6,1,11,14,1,720.9,,,0,0,6,1,12,14,1,594.4,,,0,0,6,1,13,14,1,663.7,,,0,0,6,1,14,15,1,4968.1,,,0,0,6,3,4,14,1,7902.6,,,0,0,6,3,5,14,1,667.7,,,0,0,6,3,6,14,1,1278.9,,,0,0,6,3,7,14,1,1004.7,,,0,0,6,3,8,14,1,532.6,,,0,0,6,3,9,14,1,7414.8,,,0,0,6,3,10,14,1,3852.7,,,0,0,6,3,11,14,1,1212.3,,,0,0,6,3,12,14,1,1431.3,,,0,0,6,3,13,14,1,1396.3,,,0,0,6,3,14,15,1,9991.4,,,0,0,6,4,5,14,1,661.6,,,0,0,6,4,6,14,1,1437.7,,,0,0,6,4,7,14,1,708.0,,,0,0,6,4,8,14,1,483.9,,,0,0,6,4,9,14,1,6943.3,,,0,0,6,4,10,14,1,2841.2,,,0,0,6,4,11,14,1,1545.9,,,0,0,6,4,12,14,1,1446.8,,,0,0,6,4,13,14,1,1265.0,,,0,0,6,4,14,15,1,7389.4,,,0,0,6,5,6,14,2,90.2,,,0,0,6,5,7,14,3,49.1,,,0,0,6,5,8,14,6,27.7,,,0,0,6,5,9,14,1,865.5,,,0,0,6,5,10,14,1,253.5,,,0,0,6,5,11,14,2,88.1,,,0,0,6,5,12,14,2,99.5,,,0,0,6,5,13,14,2,87.3,,,0,0,6,5,14,15,1,1268.4,,,0,0,6,6,7,14,2,129.5,,,0,0,6,6,8,14,3,56.8,,,0,0,6,6,9,14,1,1902.3,,,0,0,6,6,10,14,1,526.2,,,0,0,6,6,11,14,1,212.8,,,0,0,6,6,12,14,1,212.9,,,0,0,6,6,13,14,1,166.2,,,0,0,6,6,14,15,1,3092.3,,,0,0,6,7,8,14,4,45.4,,,0,0,6,7,9,14,1,1107.5,,,0,0,6,7,10,14,1,340.5,,,0,0,6,7,11,14,2,133.4,,,0,0,6,7,12,14,2,138.8,,,0,0,6,7,13,14,2,127.0,,,0,0,6,7,14,15,1,1658.3,,,0,0,6,8,9,14,1,701.9,,,0,0,6,8,10,14,1,181.9,,,0,0,6,8,11,14,3,64.6,,,0,0,6,8,12,14,2,73.6,,,0,0,6,8,13,14,4,48.5,,,0,0,6,8,14,15,1,1011.0,,,0,0,6,9,10,14,1,4050.5,,,0,0,6,9,11,14,1,1972.0,,,0,0,6,9,12,14,1,2153.5,,,0,0,6,9,13,14,1,1921.9,,,0,0,6,9,14,15,1,12243.2,,,0,0,6,10,11,14,1,531.0,,,0,0,6,10,12,14,1,583.4,,,0,0,6,10,13,14,1,464.0,,,0,0,6,10,14,15,1,6970.2,,,0,0,6,11,12,14,1,207.1,,,0,0,6,11,13,14,1,176.2,,,0,0,6,11,14,15,1,3161.0,,,0,0,6,12,13,14,1,172.3,,,0,0,6,12,14,15,1,2275.4,,,0,0,6,13,14,15,1,2034.0,,,0
2018091606040411,0,9,131,,,E,0,13,,,,,0,,0,51,0,330.9,0.0,0.0,0.0,0.0,0.0,0.0,0.0,330.9,330.9,330.9,330.9,0,0,0,0,0,0,0,0,0,0,0,0,0,0,0,0,0,0,0,0,0,0,0,0,0,0,0,0,0,0,0,0,0,0,0,0,0,0,0,0,0,0,0,0,0,0,0,0,,,,,15.1,0,18.4,0,44.2,0,2.3,0,3.9,0,3.7,0,30.7,0,20.9,0,14.0,0,0.0,0,0.0,0,0.0,0,0.0,0,0.0,0,0.0,0,0.0,0,0.0,0,0.0,0,15,0,6,1,2,4,3,63.4,,,0,0,6,1,3,4,1,159.9,,,0,0,6,1,4,5,10,17.2,,,0,0,6,1,4,7,2,86.2,,,0,0,6,1,4,9,3,46.9,,,0,0,6,2,3,4,1,186.5,,,0,0,6,2,4,5,6,29.8,,,0,0,6,2,4,7,2,141.7,,,0,0,6,2,4,9,2,69.3,,,0,0,6,3,4,5,3,52.7,,,0,0,6,3,4,7,1,237.4,,,0,0,6,3,4,9,1,133.3,,,0,0,6,4,5,7,5,33.5,,,0,0,6,4,5,9,9,17.5,,,0,0,6,4,7,9,2,90.6,,,0
2018091609040412,0,16,23,,," ",0,13,,,,,0,,0,92,0,192.4,0.0,0.0,0.0,0.0,0.0,0.0,0.0,192.4,192.4,192.4,192.4,0,0,0,0,0,0,0,0,0,0,0,0,0,0,0,0,0,0,0,0,0,0,0,0,0,0,0,0,0,0,0,0,0,0,0,0,0,0,0,0,0,0,0,0,0,0,0,0,,,,,131.4,0,28.7,0,20.2,0,12.9,0,105.4,0,6.3,0,42.3,0,43.1,0,89.4,0,17.3,0,321.7,0,3.8,0,5.5,0,3.6,0,15.1,0,89.5,0,0.0,0,0.0,0,55,0,6,12,13,14,8,14.8,,,0,0,6,6,12,14,6,17.7,,,0,0,6,6,13,14,5,25.9,,,0,0,6,13,14,15,4,33.1,,,0,0,6,4,12,14,4,34.4,,,0,0,6,12,14,15,3,36.6,,,0,0,6,4,13,14,3,39.2,,,0,0,6,4,6,14,3,46.8,,,0,0,6,6,14,15,2,56.1,,,0,0,6,10,12,14,2,58.4,,,0,0,6,10,13,14,2,66.9,,,0,0,6,3,13,14,2,76.1,,,0,0,6,3,12,14,2,76.4,,,0,0,6,6,10,14,2,77.4,,,0,0,6,4,14,15,2,84.8,,,0,0,6,3,6,14,2,95.5,,,0,0,6,2,12,14,2,101.7,,,0,0,6,4,10,14,1,126.4,,,0,0,6,10,14,15,1,140.1,,,0,0,6,2,6,14,1,140.8,,,0,0,6,2,13,14,1,143.2,,,0,0,6,8,12,14,1,146.6,,,0,0,6,3,4,14,1,150.9,,,0,0,6,8,13,14,1,163.7,,,0,0,6,3,14,15,1,186.7,,,0,0,6,6,8,14,1,205.7,,,0,0,6,3,10,14,1,248.2,,,0,0,6,2,4,14,1,255.1,,,0,0,6,2,14,15,1,303.3,,,0,0,6,4,8,14,1,331.7,,,0,0,6,5,12,14,1,353.0,,,0,0,6,2,3,14,1,361.6,,,0,0,6,8,14,15,1,408.5,,,0,0,6,5,13,14,1,436.7,,,0,0,6,2,10,14,1,447.1,,,0,0,6,3,8,14,1,459.2,,,0,0,6,8,10,14,1,475.7,,,0,0,6,5,6,14,1,486.7,,,0,0,6,2,8,14,1,719.0,,,0,0,6,4,5,14,1,774.1,,,0,0,6,11,12,14,1,918.2,,,0,0,6,5,14,15,1,1031.1,,,0,0,6,11,13,14,1,1060.2,,,0,0,6,3,5,14,1,1318.5,,,0,0,6,6,11,14,1,1493.8,,,0,0,6,5,10,14,1,1506.4,,,0,0,6,2,5,14,1,1855.3,,,0,0,6,5,8,14,1,2042.7,,,0,0,6,11,14,15,1,2458.7,,,0,0,6,4,11,14,1,2683.0,,,0,0,6,3,11,14,1,3788.9,,,0,0,6,10,11,14,1,3926.8,,,0,0,6,8,11,14,1,7190.5,,,0,0,6,2,11,14,1,7667.6,,,0,0,6,5,11,14,1,10505.7,,,0
2018091606040412,0,16,23,,," ",0,13,,,,,0,,0,67,0,1178.1,0.0,0.0,0.0,0.0,0.0,0.0,0.0,1178.1,1178.1,1178.1,1178.1,0,0,0,0,0,0,0,0,0,0,0,0,0,0,0,0,0,0,0,0,0,0,0,0,0,0,0,0,0,0,0,0,0,0,0,0,0,0,0,0,0,0,0,0,0,0,0,0,,,,,31.3,0,204.4,0,45.3,0,81.8,0,218.5,0,18.7,0,17.1,0,22.6,0,16.8,0,50.0,0,5.8,0,5.0,0,22.0,0,34.0,0,8.7,0,2.6,0,0.0,0,0.0,0,45,0,6,9,11,12,6,82.9,,,0,0,6,11,12,13,5,97.6,,,0,0,6,8,11,12,4,131.5,,,0,0,6,6,11,12,3,146.7,,,0,0,6,11,12,14,3,197.8,,,0,0,6,3,11,12,2,221.2,,,0,0,6,9,11,13,2,321.3,,,0,0,6,8,11,13,2,341.5,,,0,0,6,8,9,11,2,344.2,,,0,0,6,11,13,14,2,356.2,,,0,0,6,4,11,12,2,402.4,,,0,0,6,6,9,11,1,438.9,,,0,0,6,3,9,11,1,559.7,,,0,0,6,9,11,14,1,582.4,,,0,0,6,6,11,13,1,607.9,,,0,0,6,8,11,14,1,622.9,,,0,0,6,6,8,11,1,662.0,,,0,0,6,3,8,11,1,772.2,,,0,0,6,3,11,13,1,799.7,,,0,0,6,4,9,11,1,873.4,,,0,0,6,3,6,11,1,970.4,,,0,0,6,6,11,14,1,1136.5,,,0,0,6,4,8,11,1,1176.6,,,0,0,6,3,4,11,1,1286.7,,,0,0,6,4,6,11,1,1386.9,,,0,0,6,2,11,12,1,1418.6,,,0,0,6,4,11,13,1,1455.3,,,0,0,6,5,11,12,1,1644.0,,,0,0,6,3,11,14,1,1662.2,,,0,0,6,4,11,14,1,2322.8,,,0,0,6,2,9,11,1,2857.5,,,0,0,6,5,8,11,1,3939.2,,,0,0,6,5,9,11,1,4327.4,,,0,0,6,5,6,11,1,4348.3,,,0,0,6,5,11,13,1,4712.6,,,0,0,6,2,6,11,1,4749.9,,,0,0,6,2,11,13,1,4749.9,,,0,0,6,2,8,11,1,4986.7,,,0,0,6,5,11,14,1,5751.5,,,0,0,6,2,3,11,1,7032.1,,,0,0,6,2,11,14,1,7172.2,,,0,0,6,4,5,11,1,7469.8,,,0,0,6,3,5,11,1,7500.9,,,0,0,6,2,4,11,1,8295.9,,,0,0,6,2,5,11,1,13847.8,,,0
2018091706040501,0,12,7,,," ",0,11,,,,,0,,0,10,0,170.0,0.0,0.0,0.0,0.0,0.0,0.0,0.0,170.0,170.0,170.0,170.0,0,0,0,0,0,0,0,0,0,0,0,0,0,0,0,0,0,0,0,0,0,0,0,0,0,0,0,0,0,0,0,0,0,0,0,0,0,0,0,0,0,0,0,0,0,0,0,0,,,,,0.0,0,0.0,0,0.0,0,0.0,0,0.0,0,0.0,0,0.0,0,0.0,0,0.0,0,0.0,0,0.0,0,0.0,0,0.0,0,0.0,0,0.0,0,0.0,0,0.0,0,0.0,0,1,0,1,5,0,0,10,1.7,,,0
2018091709040502,0,8,7,,," ",0,11,,,,,258,,0,23,1032,384.6,0.0,0.0,0.0,0.0,0.0,0.0,0.0,384.6,384.6,384.6,384.6,1208,0,0,7,5,3,4,2,0,0,0,0,14,0,0,10,22,10,0,0,0,0,0,258,0,0,50,11,57,0,0,0,0,278,0,0,0,0,0,80,0,0,531,0,0,0,0,0,,,,,37.0,0,56.2,0,2.6,0,12.4,0,55.1,0,47.2,0,1.4,0,281.5,0,0.0,0,0.0,0,0.0,0,0.0,0,0.0,0,0.0,0,0.0,0,0.0,0,0.0,0,0.0,0,4,0,3,1,7,0,4,20.7,,,0,0,3,2,7,0,4,23.2,,,0,0,3,4,7,0,11,7.7,,,0,0,3,5,7,0,4,25.8,,,0
2018091709040503,0,16,7,,," ",0,12,,,,,0,,0,60,0,1090.0,0.0,0.0,0.0,0.0,0.0,0.0,0.0,1090.0,1090.0,1090.0,1090.0,0,0,0,0,0,0,0,0,0,0,0,0,0,0,0,0,0,0,0,0,0,0,0,0,0,0,0,0,0,0,0,0,0,0,0,0,0,0,0,0,0,0,0,0,0,0,0,0,,,,,23.4,0,3.9,0,15.5,0,140.8,0,8.3,0,4.3,0,33.6,0,9.5,0,15.0,0,278.0,0,6.0,0,31.6,0,11.9,0,471.6,0,26.2,0,205.4,0,0.0,0,0.0,0,1,0,82,1,0,0,1,10.9,,000000110001000000101000,60
2018091706040503,0,11,7,,," ",0,11,,,,,0,,0,44,0,291.5,0.0,0.0,0.0,0.0,0.0,0.0,0.0,291.5,291.5,291.5,291.5,0,0,0,0,0,0,0,0,0,0,0,0,0,0,0,0,0,0,0,0,0,0,0,0,0,0,0,0,0,0,0,0,0,0,0,0,0,0,0,0,0,0,0,0,0,0,0,0,,,,,3.0,0,13.0,0,37.1,0,83.9,0,13.6,0,313.1,0,274.9,0,294.1,0,3.2,0,4.1,0,8.3,0,0.0,0,0.0,0,0.0,0,0.0,0,0.0,0,0.0,0,0.0,0,10,0,6,1,3,5,2,85.1,,,0,0,6,1,3,8,1,911.0,,,0,0,6,1,3,9,4,41.6,,,0,0,6,1,3,10,4,44.9,,,0,0,6,1,5,8,1,893.5,,,0,0,6,1,5,9,7,17.9,,,0,0,6,1,5,10,6,20.4,,,0,0,6,1,8,9,1,358.2,,,0,0,6,1,8,10,1,373.3,,,0,0,6,1,9,10,17,5.8,,,0
2018091709040504,0,18,7,,," ",0,12,,,,,0,,0,60,0,1723.3,0.0,0.0,0.0,0.0,0.0,0.0,0.0,1723.3,1723.3,1723.3,1723.3,0,0,0,0,0,0,0,0,0,0,0,0,0,0,0,0,0,0,0,0,0,0,0,0,0,0,0,0,0,0,0,0,0,0,0,0,0,0,0,0,0,0,0,0,0,0,0,0,,,,,16.2,0,25.5,0,4.0,0,151.4,0,372.0,0,28.3,0,74.3,0,9.8,0,4.4,0,83.7,0,9.0,0,13.9,0,147.1,0,24.0,0,616.1,0,15.9,0,6.3,0,19.8,0,60,0,7,9,3,18,1,156.5,,,0,0,7,3,9,18,1,163.4,,,0,0,7,9,18,3,1,242.3,,,0,0,7,3,18,9,1,259.0,,,0,0,7,3,9,12,1,271.5,,,0,0,7,9,3,12,1,302.7,,,0,0,7,18,3,9,1,350.5,,,0,0,7,18,9,3,1,366.3,,,0,0,7,3,12,9,1,437.4,,,0,0,7,9,12,3,1,483.4,,,0,0,7,12,3,9,1,610.9,,,0,0,7,12,9,3,1,655.3,,,0,0,7,9,3,7,1,896.5,,,0,0,7,3,18,12,1,866.8,,,0,0,7,3,12,18,1,928.4,,,0,0,7,3,9,7,1,918.2,,,0,0,7,18,3,12,1,1284.0,,,0,0,7,12,3,18,1,1303.9,,,0,0,7,9,18,12,1,1331.4,,,0,0,7,9,7,3,1,1497.2,,,0,0,7,9,12,18,1,1418.7,,,0,0,7,3,7,9,1,1578.3,,,0,0,7,12,18,3,1,1536.7,,,0,0,7,18,12,3,1,1770.0,,,0,0,7,18,9,12,1,1875.2,,,0,0,7,7,3,9,1,2309.7,,,0,0,7,12,9,18,1,2215.1,,,0,0,7,7,9,3,1,2508.5,,,0,0,7,3,18,7,1,2542.2,,,0,0,7,3,12,7,1,2858.8,,,0,0,7,18,12,9,1,2696.0,,,0,0,7,9,18,7,1,3156.6,,,0,0,7,12,18,9,1,2959.3,,,0,0,7,18,3,7,1,3443.6,,,0,0,7,3,7,12,1,3659.8,,,0,0,7,3,7,18,1,3945.8,,,0,0,7,12,3,7,1,4029.7,,,0,0,7,9,12,7,1,4482.8,,,0,0,7,9,7,18,1,4794.9,,,0,0,7,18,9,7,1,4764.7,,,0,0,7,9,7,12,1,5570.5,,,0,0,7,7,3,18,1,5653.7,,,0,0,7,12,7,3,1,6060.7,,,0,0,7,18,7,3,1,6531.0,,,0,0,7,7,3,12,1,6313.3,,,0,0,7,12,9,7,1,6313.3,,,0,0,7,7,12,3,1,7652.4,,,0,0,7,7,18,3,1,7974.6,,,0,0,7,12,7,9,1,8809.2,,,0,0,7,18,7,9,1,8512.3,,,0,0,7,7,9,18,1,9589.8,,,0,0,7,7,9,12,1,10522.1,,,0,0,7,7,18,9,1,10822.8,,,0,0,7,7,12,9,1,7810.2,,,0,0,7,18,12,7,1,13528.5,,,0,0,7,12,18,7,1,18939.9,,,0,0,7,12,7,18,1,19936.7,,,0,0,7,18,7,12,1,20475.5,,,0,0,7,7,12,18,1,23674.8,,,0,0,7,7,18,12,1,32938.9,,,0
2018091706040506,0,16,7,,," ",0,12,,,,,3002,,0,60,3002,508.0,0.0,0.0,0.0,0.0,0.0,0.0,0.0,508.0,508.0,508.0,508.0,0,0,0,5,13,15,0,0,0,0,0,0,56,0,0,20,14,49,0,0,90,0,0,98,0,0,44,180,121,0,0,0,0,210,0,0,0,0,0,601,0,0,3002,0,0,0,0,0,,,,,7.3,0,11.8,0,325.6,0,6.9,0,5.6,0,45.9,0,178.4,0,6.0,0,370.5,0,19.2,0,11.0,0,239.3,0,3.2,0,95.7,0,25.7,0,81.1,0,0.0,0,0.0,0,60,0,7,5,8,11,1,323.5,,,0,0,7,5,8,13,1,97.9,,,0,0,7,5,8,15,1,469.3,,,0,0,7,5,11,8,1,450.9,,,0,0,7,5,11,13,1,298.3,,,0,0,7,5,11,15,1,941.6,,,0,0,7,5,13,8,1,92.7,,,0,0,7,5,13,11,1,218.3,,,0,0,7,5,13,15,1,300.2,,,0,0,7,5,15,8,1,718.3,,,0,0,7,5,15,11,1,1079.6,,,0,0,7,5,15,13,1,444.5,,,0,0,7,8,5,11,1,326.6,,,0,0,7,8,5,13,1,98.8,,,0,0,7,8,5,15,1,468.9,,,0,0,7,8,11,5,1,468.3,,,0,0,7,8,11,13,1,299.8,,,0,0,7,8,11,15,1,1116.0,,,0,0,7,8,13,5,1,78.9,,,0,0,7,8,13,11,1,195.0,,,0,0,7,8,13,15,1,277.9,,,0,0,7,8,15,5,1,680.9,,,0,0,7,8,15,11,1,1183.3,,,0,0,7,8,15,13,1,463.8,,,0,0,7,11,5,8,1,505.8,,,0,0,7,11,5,13,1,278.5,,,0,0,7,11,5,15,1,939.1,,,0,0,7,11,8,5,1,533.3,,,0,0,7,11,8,13,1,335.3,,,0,0,7,11,8,15,1,1294.5,,,0,0,7,11,13,5,1,260.2,,,0,0,7,11,13,8,1,311.2,,,0,0,7,11,13,15,1,657.7,,,0,0,7,11,15,5,1,1206.2,,,0,0,7,11,15,8,1,1659.2,,,0,0,7,11,15,13,1,860.6,,,0,0,7,13,5,8,1,70.1,,,0,0,7,13,5,11,1,184.5,,,0,0,7,13,5,15,1,259.4,,,0,0,7,13,8,5,1,63.9,,,0,0,7,13,8,11,1,174.1,,,0,0,7,13,8,15,1,251.3,,,0,0,7,13,11,5,1,252.1,,,0,0,7,13,11,8,1,240.3,,,0,0,7,13,11,15,1,551.3,,,0,0,7,13,15,5,1,378.6,,,0,0,7,13,15,8,1,375.7,,,0,0,7,13,15,11,1,639.8,,,0,0,7,15,5,8,1,835.5,,,0,0,7,15,5,11,1,1340.4,,,0,0,7,15,5,13,1,511.9,,,0,0,7,15,8,5,1,856.4,,,0,0,7,15,8,11,1,1641.2,,,0,0,7,15,8,13,1,581.9,,,0,0,7,15,11,5,1,1570.7,,,0,0,7,15,11,8,1,1758.3,,,0,0,7,15,11,13,1,1006.8,,,0,0,7,15,13,5,1,484.8,,,0,0,7,15,13,8,1,507.7,,,0,0,7,15,13,11,1,848.8,,,0
2018091709040505,0,11,15,,," ",0,11,,,,,0,,0,49,0,214.4,0.0,0.0,0.0,0.0,0.0,0.0,0.0,214.4,214.4,214.4,214.4,0,0,0,0,0,0,0,0,0,0,0,0,0,0,0,0,0,0,0,0,0,0,0,0,0,0,0,0,0,0,0,0,0,0,0,0,0,0,0,0,0,0,0,0,0,0,0,0,,,,,6.2,0,33.6,0,8.7,0,78.7,0,38.5,0,1.4,0,189.9,0,36.0,0,22.5,0,15.8,0,42.0,0,0.0,0,0.0,0,0.0,0,0.0,0,0.0,0,0.0,0,0.0,0,10,0,6,1,3,6,18,5.5,,,0,0,6,1,4,6,3,39.0,,,0,0,6,1,6,10,9,11.4,,,0,0,6,1,6,11,4,24.7,,,0,0,6,3,4,6,2,70.2,,,0,0,6,3,6,10,6,15.9,,,0,0,6,3,6,11,3,40.7,,,0,0,6,4,6,10,1,110.1,,,0,0,6,4,6,11,1,186.3,,,0,0,6,6,10,11,2,68.1,,,0
2018091709040507,0,18,23,,," ",0,13,,,,,94,,0,24,650,133.0,0.0,0.0,0.0,0.0,0.0,0.0,0.0,133.0,133.0,133.0,133.0,0,0,0,1,10,4,0,0,0,0,0,0,35,0,0,17,38,36,0,0,42,0,0,267,0,0,94,92,246,0,0,0,0,387,0,0,0,0,0,1075,0,0,3764,0,0,0,0,0,,,,,3.5,0,2.8,0,14.8,0,15.0,0,300.9,0,67.5,0,181.0,0,130.7,0,5.9,0,19.5,0,24.2,0,76.4,0,68.6,0,513.5,0,146.5,0,8.2,0,30.1,0,148.8,0,9,0,4,1,3,0,3,8.1,,,0,0,4,1,4,0,4,8.4,,,0,0,4,1,5,0,1,146.0,,,0,0,4,1,9,0,7,5.1,,,0,0,4,1,10,0,3,8.6,,,0,0,4,1,11,0,2,10.4,,,0,0,4,1,15,0,1,56.4,,,0,0,4,1,17,0,2,16.6,,,0,0,4,1,18,0,1,62.6,,,0
2018091709040510,0,10,43,,,E,0,13,,,,,0,,0,10,0,818.4,0.0,0.0,0.0,0.0,0.0,0.0,0.0,818.4,818.4,818.4,818.4,0,0,0,0,0,0,0,0,0,0,0,0,0,0,0,0,0,0,0,0,0,0,0,0,0,0,0,0,0,0,0,0,0,0,0,0,0,0,0,0,0,0,0,0,0,0,0,0,,,,,2.4,0,8.1,0,11.2,0,166.0,0,7.0,0,9.8,0,17.0,0,112.8,0,74.1,0,3.3,0,0.0,0,0.0,0,0.0,0,0.0,0,0.0,0,0.0,0,0.0,0,0.0,0,2,0,3,1,2,0,5,10.4,,,0,0,3,2,3,0,5,38.4,,,0
2018091706040510,0,16,43,,,E,0,13,,,,,0,,0,20,0,107.5,0.0,0.0,0.0,0.0,0.0,0.0,0.0,107.5,107.5,107.5,107.5,0,0,0,0,0,0,0,0,0,0,0,0,0,0,0,0,0,0,0,0,0,0,0,0,0,0,0,0,0,0,0,0,0,0,0,0,0,0,0,0,0,0,0,0,0,0,0,0,,,,,20.4,0,11.6,0,10.6,0,33.1,0,34.5,0,25.4,0,4.1,0,40.7,0,52.2,0,56.3,0,29.6,0,14.2,0,3.8,0,6.9,0,9.7,0,121.0,0,0.0,0,0.0,0,2,0,1,13,0,0,10,1.5,,,0,0,0,13,0,0,10,3.8,,,0
2018091709040511,0,13,67,,,E,0,13,,,,,0,,0,33,0,263.5,0.0,0.0,0.0,0.0,0.0,0.0,0.0,263.5,263.5,263.5,263.5,0,0,0,0,0,0,0,0,0,0,0,0,0,0,0,0,0,0,0,0,0,0,0,0,0,0,0,0,0,0,0,0,0,0,0,0,0,0,0,0,0,0,0,0,0,0,0,0,,,,,4.2,0,13.2,0,200.5,0,7.3,0,12.6,0,186.6,0,123.6,0,39.2,0,65.1,0,15.1,0,3.0,0,6.4,0,8.1,0,0.0,0,0.0,0,0.0,0,0.0,0,0.0,0,5,0,3,1,2,0,4,28.3,,,0,0,3,1,4,0,7,14.0,,,0,0,3,1,11,0,12,6.5,,,0,0,3,1,12,0,6,15.1,,,0,0,3,1,13,0,4,19.0,,,0
2018091706040511,0,15,179,,,B,0,12,,,,,0,,0,55,0,258.5,0.0,0.0,0.0,0.0,0.0,0.0,0.0,258.5,258.5,258.5,258.5,0,0,0,0,0,0,0,0,0,0,0,0,0,0,0,0,0,0,0,0,0,0,0,0,0,0,0,0,0,0,0,0,0,0,0,0,0,0,0,0,0,0,0,0,0,0,0,0,,,,,7.1,0,19.4,0,360.8,0,7.3,0,7.9,0,47.2,0,6.9,0,241.7,0,22.2,0,180.5,0,70.5,0,284.7,0,29.7,0,52.3,0,1.9,0,0.0,0,0.0,0,0.0,0,4,0,3,1,4,0,10,23.5,,,0,0,4,1,4,0,20,7.6,,,0,0,4,4,5,0,20,5.4,,,0,0,6,1,4,5,5,36.3,,,0
2018091709040512,0,16,23,,," ",0,13,,,,,1266,,0,216,10128,614.4,0.0,0.0,0.0,0.0,0.0,0.0,0.0,614.4,614.4,614.4,614.4,718,0,0,4,8,16,7,11,0,0,0,0,22,0,0,12,23,20,0,0,56,0,0,121,0,0,51,35,117,0,0,0,0,209,0,0,0,0,0,288,0,0,1266,0,0,0,0,0,,,,,9.8,0,11.2,0,64.1,0,2.2,0,116.6,0,21.2,0,5.7,0,9.0,0,359.2,0,42.4,0,46.0,0,37.1,0,75.5,0,59.3,0,44.5,0,7.3,0,0.0,0,0.0,0,72,0,7,4,3,6,1,1442.1,,,0,0,7,4,3,7,2,793.8,,,0,0,7,4,3,8,1,865.4,,,0,0,7,4,3,10,1,3483.8,,,0,0,7,4,3,11,1,2348.5,,,0,0,7,4,3,13,1,3160.2,,,0,0,7,4,3,14,1,3558.8,,,0,0,7,4,3,16,2,1026.7,,,0,0,7,4,6,3,1,1231.7,,,0,0,7,4,6,7,5,233.4,,,0,0,7,4,6,8,4,265.0,,,0,0,7,4,6,10,1,1196.7,,,0,0,7,4,6,11,2,820.3,,,0,0,7,4,6,13,1,1283.7,,,0,0,7,4,6,14,1,1260.6,,,0,0,7,4,6,16,6,230.3,,,0,0,7,4,7,3,3,446.5,,,0,0,7,4,7,6,8,162.8,,,0,0,7,4,7,8,11,95.2,,,0,0,7,4,7,10,3,494.9,,,0,0,7,4,7,11,5,267.0,,,0,0,7,4,7,13,3,453.5,,,0,0,7,4,7,14,3,501.0,,,0,0,7,4,7,16,19,65.6,,,0,0,7,4,8,3,2,551.9,,,0,0,7,4,8,6,4,219.2,,,0,0,7,4,8,7,8,109.0,,,0,0,7,4,8,10,2,651.4,,,0,0,7,4,8,11,3,406.1,,,0,0,7,4,8,13,2,682.1,,,0,0,7,4,8,14,2,553.8,,,0,0,7,4,8,16,8,126.6,,,0,0,7,4,10,3,1,3961.0,,,0,0,7,4,10,6,1,1566.2,,,0,0,7,4,10,7,2,920.1,,,0,0,7,4,10,8,1,1072.4,,,0,0,7,4,10,11,1,2110.6,,,0,0,7,4,10,13,1,3849.0,,,0,0,7,4,10,14,1,3035.7,,,0,0,7,4,10,16,2,888.0,,,0,0,7,4,11,3,1,1653.5,,,0,0,7,4,11,6,2,864.4,,,0,0,7,4,11,7,3,443.0,,,0,0,7,4,11,8,2,581.6,,,0,0,7,4,11,10,1,1932.5,,,0,0,7,4,11,13,1,1587.7,,,0,0,7,4,11,14,1,1958.7,,,0,0,7,4,11,16,3,497.9,,,0,0,7,4,13,3,1,3468.1,,,0,0,7,4,13,6,1,1495.3,,,0,0,7,4,13,7,2,830.0,,,0,0,7,4,13,8,1,1090.6,,,0,0,7,4,13,10,1,3447.5,,,0,0,7,4,13,11,1,1739.3,,,0,0,7,4,13,14,1,3494.3,,,0,0,7,4,13,16,2,841.8,,,0,0,7,4,14,3,1,3531.7,,,0,0,7,4,14,6,1,1593.1,,,0,0,7,4,14,7,2,885.6,,,0,0,7,4,14,8,2,867.6,,,0,0,7,4,14,10,1,3318.9,,,0,0,7,4,14,11,1,1968.7,,,0,0,7,4,14,13,1,3457.8,,,0,0,7,4,14,16,2,901.1,,,0,0,7,4,16,3,3,561.0,,,0,0,7,4,16,6,8,163.0,,,0,0,7,4,16,7,18,69.0,,,0,0,7,4,16,8,11,113.8,,,0,0,7,4,16,10,3,528.6,,,0,0,7,4,16,11,5,316.9,,,0,0,7,4,16,13,3,481.3,,,0,0,7,4,16,14,3,480.5,,,0
2018091706040512,0,15,23,,," ",0,13,,,,,0,,0,12,0,1398.7,0.0,0.0,0.0,0.0,0.0,0.0,0.0,1398.7,1398.7,1398.7,1398.7,0,0,0,0,0,0,0,0,0,0,0,0,0,0,0,0,0,0,0,0,0,0,0,0,0,0,0,0,0,0,0,0,0,0,0,0,0,0,0,0,0,0,0,0,0,0,0,0,,,,,19.1,0,18.2,0,3.8,0,4.6,0,17.3,0,62.0,0,206.2,0,34.5,0,96.3,0,12.0,0,7.4,0,133.6,0,4.7,0,18.9,0,16.0,0,0.0,0,0.0,0,0.0,0,11,0,4,7,8,0,1,432.6,,,0,0,4,7,9,0,1,243.1,,,0,0,4,7,12,0,1,492.2,,,0,0,4,7,14,0,1,318.5,,,0,0,4,8,9,0,1,178.8,,,0,0,4,8,12,0,1,326.7,,,0,0,4,8,14,0,2,80.9,,,0,0,4,9,12,0,1,364.0,,,0,0,4,9,14,0,2,128.7,,,0,0,4,12,14,0,1,209.1,,,0,0,4,6,13,0,0,42.4,,,0
2018093006040902,0,17,7,,," ",0,11,,,,,0,,0,38,0,306.9,0.0,0.0,0.0,0.0,0.0,0.0,0.0,306.9,306.9,306.9,306.9,0,0,0,0,0,0,0,0,0,0,0,0,0,0,0,0,0,0,0,0,0,0,0,0,0,0,0,0,0,0,0,0,0,0,0,0,0,0,0,0,0,0,0,0,0,0,0,0,,,,,45.1,0,5.3,0,54.9,0,352.5,0,52.7,0,114.6,0,22.9,0,8.9,0,454.7,0,17.3,0,4.1,0,4.6,0,5.5,0,21.1,0,41.3,0,332.3,0,483.1,0,0.0,0,22,0,4,3,12,0,2,38.2,,,0,0,4,4,12,0,1,420.5,,,0,0,4,7,12,0,4,21.6,,,0,0,3,7,12,0,2,73.5,,,0,0,3,8,12,0,4,21.1,,,0,0,3,10,12,0,2,39.5,,,0,0,3,12,13,0,6,13.3,,,0,0,6,3,4,12,1,12529.6,,,0,0,6,3,7,12,1,843.7,,,0,0,6,3,8,12,1,386.1,,,0,0,6,3,10,12,1,674.3,,,0,0,6,3,12,13,1,213.8,,,0,0,6,4,7,12,1,8264.2,,,0,0,6,4,8,12,1,3201.2,,,0,0,6,4,10,12,1,4958.5,,,0,0,6,4,12,13,1,1334.7,,,0,0,6,7,8,12,1,178.6,,,0,0,6,7,10,12,1,205.9,,,0,0,6,7,12,13,1,92.3,,,0,0,6,8,10,12,1,86.5,,,0,0,6,8,12,13,2,39.4,,,0,0,6,10,12,13,2,50.3,,,0
2018093006040903,0,16,7,,," ",0,12,,,,,0,,0,60,0,1770.0,0.0,0.0,0.0,0.0,0.0,0.0,0.0,1770.0,1770.0,1770.0,1770.0,0,0,0,0,0,0,0,0,0,0,0,0,0,0,0,0,0,0,0,0,0,0,0,0,0,0,0,0,0,0,0,0,0,0,0,0,0,0,0,0,0,0,0,0,0,0,0,0,,,,,181.9,0,22.2,0,49.0,0,158.9,0,9.7,0,362.6,0,6.5,0,7.7,0,33.1,0,571.0,0,194.9,0,198.5,0,1.6,0,44.8,0,14.3,0,16.4,0,0.0,0,0.0,0,1,0,82,1,0,0,1,17.7,,000000100010111000000000,60
2018093006040904,0,16,15,,," ",0,11,,,,,0,,0,42,0,149.8,0.0,0.0,0.0,0.0,0.0,0.0,0.0,149.8,149.8,149.8,149.8,0,0,0,0,0,0,0,0,0,0,0,0,0,0,0,0,0,0,0,0,0,0,0,0,0,0,0,0,0,0,0,0,0,0,0,0,0,0,0,0,0,0,0,0,0,0,0,0,,,,,33.5,0,267.8,0,248.8,0,328.3,0,12.0,0,100.1,0,13.7,0,183.3,0,2.3,0,22.3,0,142.9,0,114.1,0,302.7,0,6.0,0,23.4,0,3.6,0,0.0,0,0.0,0,28,0,6,1,5,14,1,175.5,,,0,0,6,1,6,14,1,1200.9,,,0,0,6,1,7,14,1,223.1,,,0,0,6,1,10,14,1,305.8,,,0,0,6,1,14,15,1,267.3,,,0,0,6,1,14,16,1,97.7,,,0,0,6,3,5,14,1,1450.9,,,0,0,6,3,6,14,1,7696.5,,,0,0,6,3,7,14,1,1993.4,,,0,0,6,3,10,14,1,1883.1,,,0,0,6,3,14,15,1,2558.0,,,0,0,6,3,14,16,1,957.9,,,0,0,6,5,9,14,2,21.6,,,0,0,6,5,13,14,1,1895.2,,,0,0,6,6,9,14,1,221.9,,,0,0,6,6,13,14,1,7437.8,,,0,0,6,7,9,14,2,29.2,,,0,0,6,7,13,14,1,2431.5,,,0,0,6,9,10,14,1,39.5,,,0,0,6,9,14,15,1,34.1,,,0,0,6,9,14,16,3,9.4,,,0,0,6,10,13,14,1,3161.0,,,0,0,6,13,14,15,1,1932.5,,,0,0,6,13,14,16,1,758.4,,,0,0,4,1,14,0,2,20.3,,,0,0,4,3,14,0,1,123.1,,,0,0,4,9,14,0,10,3.1,,,0,0,4,13,14,0,1,152.8,,,0
2018093006040905,0,14,15,,," ",0,11,,,,,0,,0,58,0,204.3,0.0,0.0,0.0,0.0,0.0,0.0,0.0,204.3,204.3,204.3,204.3,0,0,0,0,0,0,0,0,0,0,0,0,0,0,0,0,0,0,0,0,0,0,0,0,0,0,0,0,0,0,0,0,0,0,0,0,0,0,0,0,0,0,0,0,0,0,0,0,,,,,0.0,0,0.0,0,0.0,0,0.0,0,0.0,0,0.0,0,0.0,0,0.0,0,0.0,0,0.0,0,0.0,0,0.0,0,0.0,0,0.0,0,0.0,0,0.0,0,0.0,0,0.0,0,21,0,6,2,4,5,2,57.5,,,0,0,6,2,4,7,1,100.3,,,0,0,6,2,4,11,4,32.4,,,0,0,6,2,4,13,1,102.6,,,0,0,6,2,4,14,3,33.4,,,0,0,6,4,5,6,1,441.4,,,0,0,6,4,5,9,4,25.2,,,0,0,6,4,5,12,2,52.1,,,0,0,6,4,6,7,1,705.0,,,0,0,6,4,6,11,1,297.7,,,0,0,6,4,6,13,1,730.5,,,0,0,6,4,6,14,1,303.1,,,0,0,6,4,7,9,3,45.9,,,0,0,6,4,7,12,1,97.2,,,0,0,6,4,9,11,7,14.6,,,0,0,6,4,9,13,3,40.4,,,0,0,6,4,9,14,7,15.4,,,0,0,6,4,11,12,4,25.4,,,0,0,6,4,12,13,2,78.7,,,0,0,6,4,12,14,4,28.1,,,0,0,4,4,6,0,5,23.2,,,0
2018093006040906,0,16,23,,," ",0,13,,,,,2187,,0,54,4719,378.7,0.0,0.0,0.0,0.0,0.0,0.0,0.0,378.7,378.7,378.7,378.7,1110,0,0,16,3,7,13,2,0,0,0,0,53,0,0,21,21,86,0,0,45,0,0,187,0,0,83,291,342,0,0,0,0,368,0,0,0,0,0,2187,0,0,9776,0,0,0,0,0,,,,,20.8,0,11.0,0,4.8,0,2.3,0,15.6,0,161.0,0,32.5,0,196.1,0,10.5,0,72.5,0,195.3,0,111.2,0,19.7,0,172.1,0,230.7,0,5.3,0,0.0,0,0.0,0,34,0,6,1,3,7,1,520.7,,,0,0,6,1,4,7,1,188.4,,,0,0,6,1,7,9,1,605.9,,,0,0,6,1,7,16,1,504.3,,,0,0,6,2,3,7,1,309.0,,,0,0,6,2,4,7,2,133.8,,,0,0,6,2,7,9,1,358.8,,,0,0,6,2,7,16,1,271.2,,,0,0,6,3,4,7,2,76.9,,,0,0,6,3,5,7,1,596.6,,,0,0,6,3,7,9,1,326.1,,,0,0,6,3,7,10,1,1412.9,,,0,0,6,3,7,12,1,1818.7,,,0,0,6,3,7,13,1,491.0,,,0,0,6,3,7,16,1,218.7,,,0,0,6,4,5,7,1,239.8,,,0,0,6,4,7,9,2,115.2,,,0,0,6,4,7,10,1,540.8,,,0,0,6,4,7,12,1,801.8,,,0,0,6,4,7,13,1,156.0,,,0,0,6,4,7,16,2,82.2,,,0,0,6,5,7,9,1,794.1,,,0,0,6,5,7,16,1,657.0,,,0,0,6,7,9,10,1,1986.7,,,0,0,6,7,9,12,1,2736.0,,,0,0,6,7,9,13,1,514.0,,,0,0,6,7,9,16,1,251.3,,,0,0,6,7,10,16,1,1359.1,,,0,0,6,7,12,16,1,1859.4,,,0,0,6,7,13,16,1,409.7,,,0,0,4,3,7,0,4,31.8,,,0,0,4,4,7,0,9,15.1,,,0,0,4,7,9,0,3,36.0,,,0,0,4,7,16,0,4,26.9,,,0
2018093006040907,0,16,23,,," ",0,13,,,,,0,,0,84,0,214.7,0.0,0.0,0.0,0.0,0.0,0.0,0.0,214.7,214.7,214.7,214.7,0,0,0,0,0,0,0,0,0,0,0,0,0,0,0,0,0,0,0,0,0,0,0,0,0,0,0,0,0,0,0,0,0,0,0,0,0,0,0,0,0,0,0,0,0,0,0,0,,,,,12.1,0,22.1,0,20.1,0,53.4,0,82.0,0,141.0,0,8.7,0,114.3,0,7.1,0,58.7,0,6.9,0,54.9,0,254.4,0,6.0,0,321.2,0,2.3,0,0.0,0,0.0,0,64,0,6,1,2,9,1,123.2,,,0,0,6,1,2,11,1,157.9,,,0,0,6,1,2,14,1,147.0,,,0,0,6,1,2,16,2,89.1,,,0,0,6,1,3,9,1,142.9,,,0,0,6,1,3,11,1,200.9,,,0,0,6,1,3,14,1,192.4,,,0,0,6,1,3,16,1,94.7,,,0,0,6,1,4,9,1,325.3,,,0,0,6,1,4,11,1,517.1,,,0,0,6,1,4,14,1,442.4,,,0,0,6,1,4,16,1,246.0,,,0,0,6,1,5,9,1,684.8,,,0,0,6,1,5,11,1,885.9,,,0,0,6,1,5,14,1,936.1,,,0,0,6,1,5,16,1,472.8,,,0,0,6,1,7,9,2,57.7,,,0,0,6,1,7,11,2,82.3,,,0,0,6,1,7,14,2,94.5,,,0,0,6,1,7,16,3,36.6,,,0,0,6,1,9,10,1,267.3,,,0,0,6,1,9,11,2,66.7,,,0,0,6,1,9,12,1,426.4,,,0,0,6,1,9,14,2,70.6,,,0,0,6,1,9,16,4,28.0,,,0,0,6,1,10,11,1,434.1,,,0,0,6,1,10,14,1,462.2,,,0,0,6,1,10,16,1,178.1,,,0,0,6,1,11,12,1,445.6,,,0,0,6,1,11,14,2,77.7,,,0,0,6,1,11,16,3,35.0,,,0,0,6,1,12,14,1,447.0,,,0,0,6,1,12,16,1,248.9,,,0,0,6,1,14,16,3,35.2,,,0,0,6,2,3,9,1,205.0,,,0,0,6,2,3,11,1,261.2,,,0,0,6,2,3,14,1,230.3,,,0,0,6,2,3,16,1,152.8,,,0,0,6,2,4,9,1,574.2,,,0,0,6,2,4,11,1,814.3,,,0,0,6,2,4,14,1,567.0,,,0,0,6,2,4,16,1,432.9,,,0,0,6,2,5,9,1,976.8,,,0,0,6,2,5,11,1,1240.5,,,0,0,6,2,5,14,1,1241.5,,,0,0,6,2,5,16,1,748.8,,,0,0,6,2,7,9,1,100.2,,,0,0,6,2,7,11,1,146.1,,,0,0,6,2,7,14,1,129.1,,,0,0,6,2,7,16,2,73.0,,,0,0,6,2,9,10,1,457.9,,,0,0,6,2,9,11,1,103.0,,,0,0,6,2,9,12,1,641.0,,,0,0,6,2,9,14,1,101.1,,,0,0,6,2,9,16,2,57.4,,,0,0,6,2,10,11,1,689.6,,,0,0,6,2,10,14,1,562.1,,,0,0,6,2,10,16,1,292.4,,,0,0,6,2,11,12,1,634.5,,,0,0,6,2,11,14,1,113.0,,,0,0,6,2,11,16,2,73.2,,,0,0,6,2,12,14,1,518.2,,,0,0,6,2,12,16,1,460.5,,,0,0,6,2,14,16,2,58.5,,,0
2018093006040908,0,16,43,,," ",0,13,,,,,324,,0,77,1296,192.3,0.0,0.0,0.0,0.0,0.0,0.0,0.0,192.3,192.3,192.3,192.3,692,0,0,1,13,8,12,2,0,0,0,0,128,0,0,31,19,14,0,0,136,0,0,308,0,0,131,61,45,0,0,0,0,711,0,0,0,0,0,324,0,0,2755,0,0,0,0,0,,,,,12.8,0,10.6,0,0.0,1,25.5,0,96.5,0,28.9,0,8.9,0,2.9,0,284.2,0,6.8,0,53.4,0,15.6,0,4.1,0,67.7,0,46.7,0,23.8,0,0.0,0,0.0,0,42,0,6,1,2,8,3,43.3,,,0,0,6,1,3,8,1,384.2,,,0,0,6,1,4,8,1,125.1,,,0,0,6,1,6,8,2,106.0,,,0,0,6,1,7,8,4,32.2,,,0,0,6,1,8,10,3,55.8,,,0,0,6,1,8,11,1,191.9,,,0,0,6,1,8,12,2,73.0,,,0,0,6,1,8,13,4,32.4,,,0,0,6,1,8,14,1,221.0,,,0,0,6,1,8,15,1,150.0,,,0,0,6,1,8,16,1,91.6,,,0,0,6,2,8,10,3,45.4,,,0,0,6,2,8,13,4,30.9,,,0,0,6,2,8,15,1,185.9,,,0,0,6,3,8,10,1,374.6,,,0,0,6,3,8,13,1,213.2,,,0,0,6,3,8,15,1,1983.1,,,0,0,6,4,8,10,2,95.6,,,0,0,6,4,8,13,2,61.7,,,0,0,6,4,8,15,1,530.7,,,0,0,6,6,8,10,2,89.1,,,0,0,6,6,8,13,2,61.0,,,0,0,6,6,8,15,1,520.2,,,0,0,6,7,8,10,4,33.1,,,0,0,6,7,8,13,6,19.9,,,0,0,6,7,8,15,1,126.0,,,0,0,6,8,10,11,1,262.1,,,0,0,6,8,10,12,2,77.6,,,0,0,6,8,10,13,6,21.8,,,0,0,6,8,10,14,1,317.4,,,0,0,6,8,10,15,1,277.4,,,0,0,6,8,10,16,2,94.4,,,0,0,6,8,11,13,1,140.1,,,0,0,6,8,11,15,1,577.8,,,0,0,6,8,12,13,3,46.5,,,0,0,6,8,12,15,1,226.5,,,0,0,6,8,13,14,1,153.1,,,0,0,6,8,13,15,1,106.8,,,0,0,6,8,13,16,2,60.0,,,0,0,6,8,14,15,1,539.4,,,0,0,6,8,15,16,1,298.4,,,0
2018093006040909,0,10,23,,,E,0,11,,,,,0,,0,40,0,138.6,0.0,0.0,0.0,0.0,0.0,0.0,0.0,138.6,138.6,138.6,138.6,0,0,0,0,0,0,0,0,0,0,0,0,0,0,0,0,0,0,0,0,0,0,0,0,0,0,0,0,0,0,0,0,0,0,0,0,0,0,0,0,0,0,0,0,0,0,0,0,,,,,16.2,0,2.4,0,87.8,0,12.5,0,6.6,0,38.3,0,3.8,0,53.5,0,64.0,0,6.1,0,0.0,0,0.0,0,0.0,0,0.0,0,0.0,0,0.0,0,0.0,0,0.0,0,26,0,6,2,7,10,6,6.8,,,0,0,6,2,5,7,5,7.8,,,0,0,6,5,7,10,2,17.2,,,0,0,6,1,2,7,3,17.7,,,0,0,6,2,4,7,2,18.4,,,0,0,6,4,7,10,1,31.7,,,0,0,6,2,6,7,2,31.1,,,0,0,6,1,7,10,1,38.2,,,0,0,6,4,5,7,1,47.1,,,0,0,6,2,7,9,1,45.4,,,0,0,6,2,7,8,1,48.5,,,0,0,6,1,5,7,1,52.5,,,0,0,6,6,7,10,1,66.4,,,0,0,6,7,8,10,1,68.8,,,0,0,6,1,4,7,1,83.1,,,0,0,6,2,3,7,1,87.5,,,0,0,6,7,9,10,1,92.1,,,0,0,6,3,7,10,1,161.0,,,0,0,6,4,6,7,1,161.4,,,0,0,6,1,6,7,1,194.5,,,0,0,6,1,7,8,1,204.0,,,0,0,6,4,7,8,1,216.6,,,0,0,6,4,7,9,1,221.5,,,0,0,6,1,7,9,1,281.8,,,0,0,6,3,4,7,1,321.8,,,0,0,6,1,3,7,1,474.9,,,0
2018093006040910,0,13,43,,,E,0,13,,,,,0,,0,17,0,849.9,0.0,0.0,0.0,0.0,0.0,0.0,0.0,849.9,849.9,849.9,849.9,686,0,0,8,10,2,3,11,0,0,0,0,70,0,0,24,44,51,0,0,66,0,0,474,0,0,167,161,313,0,0,0,0,753,0,0,0,0,0,2404,0,0,10424,0,0,0,0,0,,,,,88.8,0,15.6,0,137.3,0,131.2,0,5.2,0,10.2,0,96.5,0,7.0,0,8.0,0,17.0,0,5.5,0,3.0,0,35.1,0,0.0,0,0.0,0,0.0,0,0.0,0,0.0,0,4,0,5,12,2,0,3,56.5,,,0,0,5,12,5,0,7,20.1,,,0,0,5,12,6,0,4,31.1,,,0,0,5,12,10,0,3,55.4,,,0
2018093006040911,0,16,195,,,A,0,13,,,,,0,,0,132,0,273.7,0.0,0.0,0.0,0.0,0.0,0.0,0.0,273.7,273.7,273.7,273.7,683,0,0,8,9,1,6,10,0,0,0,0,28,0,0,15,51,140,0,0,115,0,0,414,0,0,134,374,1385,0,0,0,0,526,0,0,0,0,0,6537,0,0,20962,0,0,0,0,0,,,,,63.7,0,127.0,0,10.8,0,100.3,0,13.5,0,30.8,0,55.3,0,2.8,0,31.7,0,11.8,0,14.8,0,3.4,0,303.8,0,29.8,0,14.5,0,13.3,0,0.0,0,0.0,0,126,0,7,8,12,10,2,54.4,,,0,0,7,8,12,3,2,58.4,,,0,0,7,8,12,11,2,68.6,,,0,0,7,12,8,3,2,68.1,,,0,0,7,12,8,10,2,69.4,,,0,0,7,8,12,15,2,78.9,,,0,0,7,8,10,12,1,83.9,,,0,0,7,12,8,11,1,86.7,,,0,0,7,12,8,15,1,93.6,,,0,0,7,8,3,12,1,94.9,,,0,0,7,8,11,12,1,108.0,,,0,0,7,12,3,8,1,110.6,,,0,0,7,12,10,8,1,114.9,,,0,0,7,8,15,12,1,137.6,,,0,0,7,3,8,12,1,141.2,,,0,0,7,12,11,8,1,143.0,,,0,0,7,3,12,8,1,148.5,,,0,0,7,10,8,12,1,157.7,,,0,0,7,12,15,8,1,157.2,,,0,0,7,8,12,14,1,165.5,,,0,0,7,10,12,8,1,172.9,,,0,0,7,11,8,12,1,178.6,,,0,0,7,12,8,14,1,193.3,,,0,0,7,11,12,8,1,197.2,,,0,0,7,15,8,12,1,212.5,,,0,0,7,15,12,8,1,218.9,,,0,0,7,12,10,3,1,264.6,,,0,0,7,12,3,11,1,267.7,,,0,0,7,12,3,10,1,269.0,,,0,0,7,12,11,3,1,278.3,,,0,0,7,12,10,11,1,314.0,,,0,0,7,8,14,12,1,324.1,,,0,0,7,12,11,10,1,326.6,,,0,0,7,12,3,15,1,335.5,,,0,0,7,12,10,15,1,339.4,,,0,0,7,12,15,3,1,344.0,,,0,0,7,12,15,10,1,351.6,,,0,0,7,12,14,8,1,373.8,,,0,0,7,3,12,11,1,374.3,,,0,0,7,3,12,10,1,404.7,,,0,0,7,11,12,3,1,426.5,,,0,0,7,12,15,11,1,444.8,,,0,0,7,12,11,15,1,445.6,,,0,0,7,10,12,3,1,467.2,,,0,0,7,3,11,12,1,490.2,,,0,0,7,11,12,10,1,495.2,,,0,0,7,3,12,15,1,509.7,,,0,0,7,11,3,12,1,519.4,,,0,0,7,3,10,12,1,534.1,,,0,0,7,10,12,11,1,538.2,,,0,0,7,15,12,10,1,545.3,,,0,0,7,8,12,2,1,526.8,,,0,0,7,14,8,12,1,546.2,,,0,0,7,15,12,3,1,542.9,,,0,0,7,12,8,2,1,543.6,,,0,0,7,14,12,8,1,576.4,,,0,0,7,10,12,15,1,575.8,,,0,0,7,10,3,12,1,588.7,,,0,0,7,11,10,12,1,630.8,,,0,0,7,12,15,14,1,656.2,,,0,0,7,10,11,12,1,652.6,,,0,0,7,12,3,14,1,660.1,,,0,0,7,11,12,15,1,675.6,,,0,0,7,15,12,11,1,683.0,,,0,0,7,15,10,12,1,697.5,,,0,0,7,12,10,14,1,698.0,,,0,0,7,3,15,12,1,732.6,,,0,0,7,15,3,12,1,729.9,,,0,0,7,10,15,12,1,747.8,,,0,0,7,12,14,15,1,779.1,,,0,0,7,12,14,3,1,840.1,,,0,0,7,12,11,14,1,847.7,,,0,0,7,11,15,12,1,906.2,,,0,0,7,15,11,12,1,933.9,,,0,0,7,12,14,10,1,948.8,,,0,0,7,15,12,14,1,992.5,,,0,0,7,3,12,14,1,979.5,,,0,0,7,12,14,11,1,1071.5,,,0,0,7,10,12,14,1,1188.5,,,0,0,7,8,2,12,1,1179.4,,,0,0,7,14,12,15,1,1247.2,,,0,0,7,12,2,8,1,1212.1,,,0,0,7,15,14,12,1,1327.7,,,0,0,7,11,12,14,1,1313.8,,,0,0,7,14,15,12,1,1425.4,,,0,0,7,14,12,3,1,1508.8,,,0,0,7,12,3,2,1,1479.5,,,0,0,7,14,12,10,1,1634.4,,,0,0,7,12,10,2,1,1585.4,,,0,0,7,3,14,12,1,1623.2,,,0,0,7,14,3,12,1,1829.6,,,0,0,7,12,11,2,1,1796.4,,,0,0,7,10,14,12,1,1858.4,,,0,0,7,14,12,11,1,1890.2,,,0,0,7,14,10,12,1,1939.3,,,0,0,7,11,14,12,1,2086.4,,,0,0,7,12,15,2,1,2173.5,,,0,0,7,2,8,12,1,2244.2,,,0,0,7,14,11,12,1,2302.3,,,0,0,7,2,12,8,1,2254.2,,,0,0,7,12,2,3,1,2228.1,,,0,0,7,3,12,2,1,2410.7,,,0,0,7,12,2,10,1,2489.0,,,0,0,7,12,2,11,1,2733.3,,,0,0,7,11,12,2,1,2827.6,,,0,0,7,10,12,2,1,2970.1,,,0,0,7,12,2,15,1,3159.2,,,0,0,7,15,12,2,1,3711.4,,,0,0,7,3,2,12,1,3990.2,,,0,0,7,2,12,3,1,4535.5,,,0,0,7,11,2,12,1,4633.2,,,0,0,7,10,2,12,1,4688.3,,,0,0,7,2,3,12,1,4914.3,,,0,0,7,12,14,2,1,5144.4,,,0,0,7,2,12,10,1,5224.7,,,0,0,7,2,10,12,1,5511.2,,,0,0,7,2,12,11,1,5609.7,,,0,0,7,15,2,12,1,6012.8,,,0,0,7,2,11,12,1,6012.8,,,0,0,7,2,12,15,1,6651.9,,,0,0,7,2,15,12,1,7252.9,,,0,0,7,12,2,14,1,7446.2,,,0,0,7,14,12,2,1,9276.2,,,0,0,7,14,2,12,1,16388.7,,,0,0,7,2,12,14,1,18195.6,,,0,0,7,2,14,12,1,20798.0,,,0
2018093006040912,0,16,67,,,E,0,13,,,,,0,,0,124,0,196.6,0.0,0.0,0.0,0.0,0.0,0.0,0.0,196.6,196.6,196.6,196.6,0,0,0,0,0,0,0,0,0,0,0,0,0,0,0,0,0,0,0,0,0,0,0,0,0,0,0,0,0,0,0,0,0,0,0,0,0,0,0,0,0,0,0,0,0,0,0,0,,,,,66.3,0,19.6,0,44.4,0,103.3,0,4.6,0,5.5,0,55.2,0,21.1,0,12.5,0,0.0,1,28.5,0,3.0,0,17.3,0,46.8,0,8.1,0,21.4,0,0.0,0,0.0,0,44,0,6,1,3,12,1,1323.5,,,0,0,6,1,6,12,1,322.3,,,0,0,6,1,12,15,1,590.7,,,0,0,6,1,12,16,1,1076.3,,,0,0,6,2,3,12,1,338.0,,,0,0,6,2,6,12,4,57.9,,,0,0,6,2,12,15,3,96.0,,,0,0,6,2,12,16,1,239.0,,,0,0,6,3,5,12,2,115.5,,,0,0,6,3,6,12,2,143.3,,,0,0,6,3,7,12,1,962.6,,,0,0,6,3,8,12,1,406.8,,,0,0,6,3,9,12,1,238.7,,,0,0,6,3,11,12,1,409.5,,,0,0,6,3,12,13,1,390.8,,,0,0,6,3,12,14,1,923.7,,,0,0,6,3,12,15,2,195.2,,,0,0,6,3,12,16,1,408.1,,,0,0,6,5,6,12,13,16.1,,,0,0,6,5,12,15,8,26.8,,,0,0,6,5,12,16,3,83.0,,,0,0,6,6,7,12,1,278.5,,,0,0,6,6,8,12,3,80.8,,,0,0,6,6,9,12,6,36.0,,,0,0,6,6,11,12,3,78.4,,,0,0,6,6,12,13,4,54.2,,,0,0,6,6,12,14,2,190.0,,,0,0,6,6,12,15,9,25.2,,,0,0,6,6,12,16,3,72.6,,,0,0,6,7,12,15,1,505.0,,,0,0,6,7,12,16,1,885.1,,,0,0,6,8,12,15,2,113.3,,,0,0,6,8,12,16,1,267.2,,,0,0,6,9,12,15,4,57.1,,,0,0,6,9,12,16,2,164.9,,,0,0,6,11,12,15,2,125.7,,,0,0,6,11,12,16,1,210.9,,,0,0,6,12,13,15,3,70.3,,,0,0,6,12,13,16,1,229.8,,,0,0,6,12,14,15,1,355.9,,,0,0,6,12,14,16,1,533.7,,,0,0,6,12,15,16,2,106.4,,,0,0,4,3,12,0,9,23.6,,,0,0,4,12,16,0,12,17.2,,,0
